keyword,title,address,point,url
김포 호텔,라마다앙코르바이윈덤 김포한강호텔,경기 김포시 고촌읍 아라육로152번길 169,3.2,https://www.ramadagimpohanriver.com/en/
김포 호텔,호텔마리나베이 서울,경기 김포시 고촌읍 아라육로152번길 210-50,3.8,https://www.marinabay-seoul.com/marinabayseoul/
김포 호텔,레스트호텔,경기 김포시 태장로795번길 151,4.4,https://gimpo-rest.jalib.site/
김포 호텔,약암홍염천관광호텔,경기 김포시 대곶면 약암로 965-7,3.2,http://www.yakam.co.kr/
김포 호텔,호텔라르,경기 김포시 고촌읍 장차로5번길 5-9,3.4,http://www.lartgimpo.com/html/main.asp
김포 호텔,스타비아호텔,경기 김포시 태장로795번길 147,4.1,http://staviahotel.com/
김포 호텔,호텔 마리나베이 서울아라,경기 김포시 고촌읍 아라육로152번길 210-50,4.2,
김포 호텔,아리수호텔,경기 김포시 태장로795번길 123,4.3,https://gp-arisu.jalib.site/
김포 호텔,펜타스타호텔 김포,경기 김포시 태장로795번길 111,3.2,https://pentastarhotel.modoo.at/
김포 호텔,JJ호텔,경기 김포시 김포한강9로 79 9~10층,4.8,https://www.jjhotelgimpo.com/ko/
김포 호텔,엠타워호텔,경기 김포시 김포한강9로75번길 38 9~12층,4.6,https://kpmtower.modoo.at/
김포 호텔,호텔럭스,경기 김포시 고촌읍 인향로 2,3.8,
김포 호텔,스타비아 관광호텔,경기 김포시 태장로795번길 147,0.0,
김포 호텔,검단신도시 호텔 에이치애비뉴,인천 서구 바리미로 31 지오프라자 8층,5.0,https://hotelhavenue.modoo.at/?link=9j4ejfgj
김포 호텔,에이치애비뉴 검단신도시점,인천 서구 바리미로 31 6~8층,0.0,https://hotelhavenue.modoo.at/
김포 호텔,3S부티크호텔 검단점,인천 서구 원당대로 874 1동,2.8,http://3sboutiquehotel.co.kr/
김포 호텔,소노캄고양 웨스트타워,경기 고양시 일산동구 태극로 18,3.6,https://www.sonohotelsresorts.com/calm_gy
김포 호텔,킨텍스바이케이트리,경기 고양시 일산서구 킨텍스로 255-3,,http://kintexbyk-tree.com/
김포 호텔,퀸타운호텔,경기 고양시 일산동구 정발산로 39 대양빌딩 8~10층,2.2,http://queentownhotel.com/
김포 호텔,밀레니엄호텔,경기 고양시 일산서구 주화로 190,3.5,
김포 호텔,호텔알렌,경기 고양시 일산동구 장백로 68,2.0,
김포 호텔,롯데시티호텔 김포공항,서울 강서구 하늘길 38,4.1,https://www.lottehotel.com/gimpo-city/ko.html
김포 호텔,호텔소프라 인천청라점,인천 서구 서곶로301번길 21,3.6,http://www.hotelsopra.com/
김포 호텔,카리스호텔,인천 계양구 계양대로 28,3.7,http://www.hotelcharis.com/wp/
김포 호텔,소울하다 인천계양점,인천 계양구 계양문화로 58,4.5,https://topstay01.cafe24.com/
김포 호텔,호텔캘리포니아,경기 고양시 일산동구 중앙로 1029,4.4,
김포 호텔,코트야드 바이메리어트 서울보타닉파크,서울 강서구 마곡중앙12로 10,1.4,https://www.hotelsouthkorea.com/courtyard-by-marriott-seoul-botanic-park/
김포 호텔,에이플렉스,경기 고양시 일산동구 호수로 662 삼성라끄빌 2층 209호,1.0,
김포 호텔,룩소르호텔,경기 고양시 일산서구 강성로 253,3.0,
김포 호텔,호텔그라체,경기 고양시 일산서구 산현로17번길 7-30 1~6층,4.8,http://graziehotel.com/layout/res/home.php?go=main
김포 호텔,호텔산타,인천 서구 탁옥로51번길 17,5.0,https://nid.naver.com/nidlogin.login?svctype=1&realname=Y&locale=en_US&url=https%3A%2F%2Fm.booking.naver.com%2Fbooking%2F3%2Fbizes%2F761894&area=bbt
김포 호텔,미타스야 료칸 호텔 By 아늑,인천 서구 서곶로301번길 20,4.8,
김포 호텔,로얄스퀘어호텔,서울 강서구 공항대로 30,4.6,https://royalsquarehotel.com/
김포 호텔,포스타호텔,경기 부천시 오정구 석천로531번길 43,5.0,https://fourstar-bucheon.jalib.site/
김포 호텔,넘버25호텔 서구청점,인천 서구 서곶로301번길 22,5.0,
김포 호텔,호텔리버,인천 계양구 계양문화로53번길 6,3.5,http://www.riverhotel.co.kr/default/
김포 호텔,케이(K),경기 고양시 일산서구 일현로 39,4.0,
김포 호텔,보우호텔,인천 계양구 계양문화로59번길 9,2.5,http://www.hotelvow.com/main/main.php
김포 호텔,페이지호텔,경기 고양시 덕양구 화신로 271,3.2,https://m.booking.naver.com/booking/3/bizes/862925?area=plt
김포 호텔,아마레관광호텔,인천 계양구 장제로730번길 14,2.1,http://www.hotel-amare.com/main/main.php
김포 호텔,반도관광호텔,인천 계양구 계양문화로17번길 8,3.0,
김포 호텔,메이필드호텔 서울,서울 강서구 방화대로 94,4.1,https://www.mayfield.co.kr/main/
김포 호텔,호텔시에나,경기 파주시 소리천로 31,3.1,http://www.hotelsienna.com/
김포 호텔,인천 반도,인천 계양구 계양문화로17번길 8,0.0,
김포 호텔,HOTEL YUJI,경기 고양시 덕양구 충장로 23,0.0,
김포 호텔,케이힐스더테라스,경기 파주시 심학산로 628,2.7,https://www.khills.co.kr/
김포 호텔,파크뷰테라스호텔,경기 파주시 소리천로 39,3.7,https://pvterrace.co.kr/mobile/kor/index.do
김포 호텔,퍼시픽호텔,서울 강서구 남부순환로 188,3.0,
김포 호텔,호텔디아망,서울 강서구 남부순환로 190,3.7,http://hoteldiamant.co.kr/
김포 호텔,머큐어앰버서더호텔,서울 강서구 마곡중앙로 143,0.0,
김포 호텔,메이필드호텔 스위트,서울 강서구 방화대로 94,1.0,https://www.mayfield.co.kr/main/
김포 호텔,아셈호텔,경기 김포시 태장로795번길 145,4.7,https://assemhotel.jalib.site/
김포 호텔,아이메리츠호텔,경기 김포시 대곶면 약암로 786-50,4.4,https://imeriltzhotel.jalib.site/
김포 호텔,루브호텔,경기 김포시 대곶면 약암로 879,4.7,https://gpluv.modoo.at/
김포 호텔,마리호텔,경기 김포시 김포한강9로75번길 190 8층,3.2,https://gpmari.modoo.at/
김포 호텔,웨스트나인호텔,경기 김포시 김포한강9로75번길 64,4.7,https://gpwest9hotel.modoo.at/
김포 호텔,아뮤즈호텔,경기 김포시 김포한강9로75번길 98 제이원타워 7-9층,5.0,https://amusehotel.kr/
김포 호텔,오로라호텔,경기 김포시 김포한강9로75번길 56,2.5,
김포 호텔,JK호텔,경기 김포시 김포한강9로75번길 100 태경프라자 7~9층,5.0,https://jkhotel.modoo.at/
김포 호텔,라인플러스호텔,경기 김포시 통진읍 김포대로 2337,3.3,http://www.lineplushotel.com/
김포 호텔,호텔캘리포니아,경기 김포시 김포한강9로 80 다온프라자 7층,1.7,https://california0.modoo.at/
김포 호텔,필호텔,경기 김포시 중구로 47,1.0,https://blog.naver.com/fillhotel
김포 호텔,도킹호텔,경기 김포시 대곶면 대명항1로 50,4.1,https://www.hotelsouthkorea.com/docking-hotel/
김포 호텔,호텔루이,경기 김포시 대곶면 대명항1로 40-11,4.3,
김포 호텔,쁘띠호텔,경기 김포시 대곶면 약암로 874,2.3,
김포 호텔,그레이호텔,"경기 김포시 김포한강9로75번길 24 6,7층",3.0,
김포 호텔,라인호텔,경기 김포시 통진읍 김포대로 2337,4.0,http://www.lineplushotel.com/
김포 호텔,호텔M,경기 김포시 월곶면 오리정로 107-12,4.0,
김포 호텔,에비뉴호텔,경기 김포시 월곶면 김포대로 2556,2.0,https://avenue2.modoo.at/
김포 호텔,체리호텔,경기 김포시 중구로 55,1.0,
김포 호텔,호텔루이,경기 김포시 대곶면 수남로 20,0.0,
김포 호텔,뷰티호텔,경기 김포시 김포한강11로 300,0.0,
김포 호텔,EVPS전기차충전 김포 스타비아호텔,경기 김포시 태장로795번길 147,0.0,
김포 호텔,호텔아라,"인천 서구 바리미로 21 국제프라자3차 601,701,801호",4.5,https://hotel_ara.jalib.site/
김포 호텔,하운드호텔,인천 서구 바리미로 29 6층,4.5,
김포 호텔,호텔캘리포니아,인천 서구 발산로 23,4.0,
김포 호텔,호텔앤잡,인천 서구 이음1로 383 8층 801호,0.0,
김포 호텔,호텔 이쁘다 검단,인천 서구 완정로117번길 35,4.9,https://gumdanippda.modoo.at/
김포 호텔,브리즈호텔,인천 서구 완정로117번길 47,4.5,
김포 호텔,여기야호텔,인천 서구 완정로156번길 9,0.0,
김포 호텔,공감호텔,인천 서구 완정로117번길 37,2.3,
김포 호텔,데이앤나잇호텔,인천 서구 완정로117번길 39,5.0,
김포 호텔,웨인스코트호텔,경기 고양시 일산서구 대화로 34,3.7,
김포 호텔,케이트리호텔X모노플렉스,경기 고양시 일산서구 킨텍스로 255-3 2층,3.7,https://www.monoplex.kr/
김포 호텔,호텔 클라움,경기 고양시 일산서구 중앙로 1559-11,4.3,http://hotelklaum.kr/
김포 호텔,부티크호텔k,경기 고양시 일산동구 무궁화로 31-9,3.2,https://blog.naver.com/hotelk_ilsan
김포 호텔,클레오파트라호텔,경기 고양시 일산동구 장백로 34,3.6,https://www.agoda.com/ko-kr/ko-kr/cleopatra-hotel/hotel/goyang-si-kr.html?cid=1555740&ds=Q8COMD3ZtGstUshQ
김포 호텔,블랑호텔,경기 고양시 일산동구 중앙로 1194 금강프라자 6층,3.1,http://blanchotel.co.kr/
김포 호텔,호텔로젠하임,경기 고양시 일산동구 장백로 36 1~8층,,
김포 호텔,더호텔도그용이네,경기 고양시 일산서구 대화1로 21,0.0,
김포 호텔,앙띠브호텔,경기 고양시 일산동구 중앙로 1058,4.0,
김포 호텔,발렌타인호텔,경기 고양시 일산동구 강석로 15,4.0,
김포 호텔,BS호텔,경기 고양시 일산동구 장백로 66,1.8,
김포 호텔,일산신트라호텔,경기 고양시 일산서구 중앙로 1559-15,4.9,http://www.sintrahotel-ilsan.co.kr/
김포 호텔,호텔미라벨,경기 고양시 일산동구 중앙로 1056,0.0,https://mirabelhotel.modoo.at/
김포 호텔,필그린호텔,경기 고양시 일산동구 장백로 38,2.1,
김포 호텔,리치호텔,경기 고양시 일산서구 강성로 249,2.6,http://richhotel3.dgweb.kr/
김포 호텔,라트리호텔 일산대화역,경기 고양시 일산서구 중앙로 1560-22,2.5,http://ilsanlatree.co.kr/
김포 호텔,펜타스타호텔,인천 서구 오류로14번길 23,4.2,https://www.hotelsouthkorea.com/incheon-pentastar-hotel/
김포 호텔,카카오호텔,인천 서구 탁옥로51번길 13-6,2.9,https://www.hotelsouthkorea.com/hotel-cacao/
김포 호텔,크리스탈호텔,인천 서구 오류로14번길 22,2.8,
김포 호텔,보보호텔,경기 고양시 일산서구 중앙로 1560-14,2.3,
김포 호텔,로마호텔,경기 고양시 일산동구 중앙로 1160,0.0,
김포 호텔,수필호텔,경기 고양시 일산서구 중앙로 1568 화성프라자 8층,3.0,
김포 호텔,호텔마블,경기 고양시 일산서구 중앙로 1560-18,1.6,
김포 호텔,비욘드호텔,인천 서구 서곶로301번길 19 1층,4.7,
김포 호텔,라트리호텔 일산마두역점,경기 고양시 일산동구 강석로 147,2.6,https://latree.modoo.at/
김포 호텔,호텔마두,경기 고양시 일산동구 강석로 147,0.0,
김포 호텔,노블호텔,경기 고양시 일산동구 중앙로 1160 7층,0.0,
김포 호텔,일루아호텔,인천 계양구 계산천동로23번길 3-1,4.5,
김포 호텔,호텔더원,인천 서구 탁옥로51번길 13-9,0.0,https://blog.naver.com/hotel_theone1
김포 호텔,옐로우8호텔,경기 고양시 일산서구 강성로 121 삼희프라자 8층,3.4,
김포 호텔,나인호텔,인천 계양구 계산천동로 14,3.3,
김포 호텔,호텔부티앤,인천 계양구 계양문화로17번길 4,5.0,
김포 호텔,소풍호텔,인천 계양구 계양문화로 31,4.0,
김포 호텔,포시즌관광호텔,인천 서구 탁옥로33번길 15,2.0,
김포 호텔,데이엔나이트호텔,인천 서구 탁옥로51번길 13-11,3.0,
김포 호텔,마리호텔,인천 계양구 계산천동로 10,5.0,
김포 호텔,카리스호텔 웨딩홀,인천 계양구 계양대로 28,3.0,https://www.instagram.com/accounts/login/?next=https%3A%2F%2Fwww.instagram.com%2Fcharishotel%2F&is_from_rle
김포 호텔,호텔니꼬,경기 고양시 일산서구 일현로41번길 8-36,2.8,https://isnikko.modoo.at/?link=cp4i9psv
김포 호텔,어썸호텔,인천 계양구 계산천동로 11-2,0.0,
김포 호텔,하운드호텔 서구청점,인천 서구 서곶로301번길 28,3.0,
김포 호텔,박스호텔,경기 고양시 일산동구 약산길 5-24,4.0,
김포 호텔,호텔파타야,인천 서구 탁옥로33번길 5,5.0,
김포 호텔,RG호텔,인천 계양구 계양문화로29번길 3,1.0,
김포 호텔,호텔101,인천 계양구 계산로103번길 8,4.3,
김포 호텔,인천베이호텔,"인천 서구 정서진로 137 A,B동",4.5,http://www.incheonbayhotel.com/index.php
김포 호텔,월호텔,인천 계양구 계양문화로17번길 5-2,2.3,
김포 호텔,온호텔,인천 계양구 계산천동로23번길 3,3.0,
김포 호텔,써클호텔,인천 계양구 계양문화로29번길 5,2.0,
김포 호텔,고양호텔유지,경기 고양시 덕양구 충장로 23,3.7,https://yujihotel.modoo.at/
김포 호텔,호텔명작,인천 계양구 장제로730번길 11,0.0,
김포 호텔,사이버21호텔,경기 고양시 일산서구 일현로41번길 8-40,3.7,
김포 호텔,호텔세탁소,경기 고양시 일산동구 무궁화로 11 한라밀라트 B동 1층,0.0,
김포 호텔,화정호텔,경기 고양시 덕양구 화신로260번길 20,4.7,
김포 호텔,호텔미카사,경기 고양시 일산서구 일현로41번길 12-10 1~6층,2.8,
김포 호텔,호텔사이버,경기 고양시 덕양구 무원로6번길 35,2.7,https://blog.naver.com/cyberhotel
김포 호텔,H에비뉴호텔,인천 서구 탁옥로51번길 13-15,0.0,
김포 호텔,카르마호텔,경기 고양시 덕양구 은빛로 55,0.0,
김포 호텔,호텔넘버25 행신점,경기 고양시 덕양구 중앙로558번길 7-8,4.0,
김포 호텔,DC호텔,경기 고양시 일산서구 일현로41번길 8-32,0.0,
김포 호텔,고기호텔,인천 서구 심곡로132번길 16,0.0,
김포 호텔,넘버25호텔 일산원당점,경기 고양시 덕양구 고양시청로 30-6,1.1,https://wondangnumber25.modoo.at/
김포 호텔,뷰티호텔,인천 계양구 새벌로133번길 11,0.0,
김포 호텔,메이필드호텔 봉래헌,서울 강서구 방화대로 94 별관 1층,3.7,https://mayfield.co.kr/main/
김포 호텔,필름372호텔,인천 계양구 계양문화로29번길 3,0.0,
김포 호텔,트라움호텔,경기 고양시 덕양구 고양시청로 31,3.9,
김포 호텔,호텔라엘르 고양일산본점,경기 고양시 덕양구 고양시청로 30-14,4.3,https://www.instagram.com/accounts/login/?next=https%3A%2F%2Fwww.instagram.com%2Fla_ell_re_hotel%2F&is_from_rle
김포 호텔,엑스와이엠호텔 고양일산점,경기 고양시 덕양구 고양시청로 30,4.3,http://xymfranchise.com/
김포 호텔,호텔첼시,경기 고양시 덕양구 고양대로 1325,3.0,
김포 호텔,호텔고로롱,인천 서구 청라에메랄드로102번길 10 청라리치아노오피스텔 307호,0.0,https://www.instagram.com/accounts/login/?next=https%3A%2F%2Fwww.instagram.com%2Fhotel_gororong%2F&is_from_rle
김포 호텔,호텔티제이,서울 강서구 남부순환로 196,3.7,
김포 호텔,메이필드호텔 낙원,서울 강서구 방화대로 94 별관 한옥 1층,3.5,https://www.mayfield.co.kr/main/
김포 호텔,호텔라움,경기 고양시 덕양구 원당로69번길 7,4.5,
김포 호텔,노블레스호텔,경기 고양시 덕양구 마상로134번길 109,4.0,
김포 호텔,메이필드호텔 캐슬테라스,서울 강서구 방화대로 94 본관 1층,3.9,https://www.mayfield.co.kr/dining/castleTerrace.html
김포 호텔,메이필드호텔 연회장,서울 강서구 방화대로 94,3.0,https://mayfield.co.kr/main/
김포 호텔,이든호텔,경기 고양시 덕양구 마상로140번길 11,3.3,
김포 호텔,뷰티호텔 마곡점,서울 강서구 공항대로 140 마곡엠밸리12단지 상가 1층 111호,0.0,
김포 호텔,캬라멜호텔,경기 파주시 송학1길 114-19,0.0,
김포 호텔,메이필드호텔 로얄마일,서울 강서구 방화대로 94 호텔본관 1층,4.3,https://mayfield.co.kr/dining/royalmile.html
김포 호텔,메이필드호텔 벨타워가든,서울 강서구 방화대로 94,0.0,
김포 호텔,칼호텔네트워크,서울 강서구 하늘길 260,0.0,
김포 호텔,메이필드호텔 더큐,서울 강서구 방화대로 94 본관 1층,5.0,https://www.mayfield.co.kr/main/
김포 호텔,5076. 메이필드호텔앞,서울 강서구 외발산동 276-9,0.0,
김포 호텔,메이필드호텔 코코노르스파,서울 강서구 방화대로 94 스위트동 지하1층,0.0,https://www.mayfield.co.kr/main/
김포 호텔,메이필드호텔 프론트,서울 강서구 방화대로 94,0.0,
김포 호텔,소노캄 고양,경기 고양시 일산동구 태극로 20,3.8,https://www.sonohotelsresorts.com/calm_gy
김포 호텔,소노캄고양 쿠치나M,경기 고양시 일산동구 태극로 20 2층,4.1,https://www.sonohotelsresorts.com/calm_gy
김포 호텔,소노캄고양 일라고,경기 고양시 일산동구 태극로 20 1층,5.0,
김포 호텔,소노캄고양 델리,경기 고양시 일산동구 태극로 20 1층,3.0,
김포 호텔,토마토,인천 계양구 계양문화로17번길 5-1,5.0,
김포 호텔,신라면세점 김포공항점,서울 강서구 하늘길 38 국제선청사 3층,0.0,https://www.shilladfs.com/estore/kr/en/?uiel=Desktop
김포 호텔,묘랑,인천 계양구 계양대로89번길 6 2층,5.0,https://www.instagram.com/accounts/login/?next=https%3A%2F%2Fwww.instagram.com%2Fmyorang_kittens%2F&is_from_rle
김포 호텔,한화리조트 남광센트렉스점,인천 부평구 부평대로 301,0.0,
김포 호텔,에이케이,경기 파주시 경의로 1056 1120호,0.0,
김포 컨벤션,김포컨벤션웨딩홀,경기 김포시 북변중로 137,4.4,https://map.naver.com/p/entry/place/12207655?placePath=%2Fhome
김포 컨벤션,아라마리나컨벤션,경기 김포시 고촌읍 아라육로270번길 73,5.0,
김포 컨벤션,더펠리체웨딩컨벤션,경기 김포시 돌문로15번길 13,0.0,
김포 컨벤션,가온컨벤션,경기 김포시 중봉1로 53,0.0,
김포 컨벤션,고양컨벤션뷰로,경기 고양시 일산서구 킨텍스로 217-59 오피스빌딩 9층 904호,0.0,https://www.goyangcvb.com/
김포 컨벤션,엠시티웨딩컨벤션,경기 고양시 일산동구 백마로 195 방송컴플렉스 지하 1층,3.4,https://mctwed.co.kr/
김포 컨벤션,고양시관광컨벤션협의회,경기 고양시 일산서구 킨텍스로 217-59 904호,0.0,http://www.goyangtca.or.kr/contents/main/
김포 컨벤션,인천아시아드웨딩컨벤션,인천 서구 봉수대로 806 인천아시아드주경기장 3번 게이트,3.1,http://www.asiadwed.co.kr/
김포 컨벤션,KSD컨벤션웨딩홀,경기 고양시 일산동구 호수로 358-8,0.0,
김포 컨벤션,Y컨벤션 웨딩홀,경기 고양시 일산동구 애니골길 97 YMCA 유스센터 1층,0.0,
김포 컨벤션,웨스턴컨벤션하우스 웨딩부페,경기 고양시 일산동구 정발산로 24,0.0,
김포 컨벤션,국제컨벤션고교사거리,경기 고양시 일산서구 주엽동 151,5.0,
김포 컨벤션,출판도시컨벤션웨딩,경기 파주시 회동길 145,5.0,
김포 컨벤션,올덴뉴 일산더컨벤션지점,경기 고양시 일산동구 중앙로 1160 화랑복합빌딩 403호,0.0,
김포 컨벤션,CN천년웨딩홀 계산점,인천 계양구 경명대로 1108,3.1,http://www.cngyesan.com/
김포 컨벤션,출판도시컨벤션웨딩,경기 파주시 회동길 145,5.0,
김포 컨벤션,올덴뉴 일산더컨벤션지점,경기 고양시 일산동구 중앙로 1160 화랑복합빌딩 403호,0.0,
김포 컨벤션,CN천년웨딩홀 계산점,인천 계양구 경명대로 1108,3.1,http://www.cngyesan.com/
김포 연수원,김포ONEFC,경기 김포시 양촌읍 김포한강4로278번길 31,0.0,
김포 연수원,농협정보화교육장,경기 김포시 통진읍 서암로 123,0.0,
김포 연수원,인천광역시 교통연수원,인천 계양구 경명대로 990,1.0,https://www.int.or.kr/
김포 연수원,인천광역시 인재개발원,인천 서구 심곡로 98,0.0,
김포 연수원,엑스퍼트연수원,서울 강서구 금낭화로 234,0.0,
김포 연수원,한국첨단교육연구소,경기 고양시 일산동구 중앙로1261번길 59,0.0,
김포 연수원,아시아나타운 교육훈련동,서울 강서구 오정로 443-100,0.0,
김포 연수원,한국GM 기술교육원,인천 부평구 부평대로 233,5.0,
김포 연수원,괜찮은사람들 인재개발원,인천 서구 청라라임로 51,0.0,https://goodpeopleedu.modoo.at/
김포 연수원,대한항공 객실훈련센터,서울 강서구 오정로 576,5.0,
김포 연수원,아시아나항공 운항훈련팀,서울 강서구 오정로 443-83,5.0,
김포 연수원,라인사회적협동조합,인천 서구 염곡로464번길 15,0.0,
김포 연수원,유니스코프,서울 강서구 마곡서로 152 두산더랜드타워 B동 5층 519호,0.0,https://www.teacher.co.kr/
김포 연수원,교육사랑연수원,서울 강서구 마곡중앙로 171 프라이빗타워 2차 1301호,0.0,http://www.edulove.co.kr/
김포 연수원,모이야,경기 파주시 경의로 1114 에펠타워 4층 405호,0.0,http://www.moiya.co.kr/
김포 연수원,사법연수원,경기 고양시 일산동구 호수로 550,,https://jrti.scourt.go.kr/main/new/Main.work
김포 연수원,사법연수원 청연재가동,경기 고양시 일산동구 장백로 197,0.0,
김포 연수원,소정연수원,경기 고양시 일산서구 산율길42번길 37,0.0,
부천 호텔,부천호텔,경기 부천시 원미구 길주로 131,2.6,https://www.bucheonhotel.co.kr/
부천 호텔,팔레스호텔,경기 부천시 원미구 길주로77번길 21,2.4,https://palacehotel.modoo.at/
부천 호텔,고려호텔,경기 부천시 원미구 길주로 66,3.9,http://www.hotelkoryo.net/home/
부천 호텔,호텔 코보스,경기 부천시 원미구 석천로170번길 11,1.4,
부천 호텔,폴라리스호텔,경기 부천시 원미구 소향로13번길 27,4.7,http://www.polarishotel.co.kr/
부천 호텔,포스타호텔,경기 부천시 오정구 석천로531번길 43,5.0,https://fourstar-bucheon.jalib.site/
부천 호텔,에스호텔,경기 부천시 원미구 원미로17번길 28,4.0,https://shotel7.modoo.at/
부천 호텔,제니스관광호텔,경기 부천시 원미구 길주로77번길 19-24 3~8층,4.2,
부천 호텔,호텔에스알,경기 부천시 원미구 석천로178번길 22,2.8,
부천 호텔,제니스호텔,인천 부평구 경원대로 1427-1,3.7,
부천 호텔,호텔 배가,인천 부평구 경원대로1431번길 37,0.0,
부천 호텔,노리터호텔,인천 부평구 시장로12번길 28,3.6,https://noriterhotel.modoo.at/
부천 호텔,샴푸호텔,인천 부평구 광장로4번길 23,4.8,
부천 호텔,아마레관광호텔,인천 계양구 장제로730번길 14,2.1,http://www.hotel-amare.com/main/main.php
부천 호텔,카리스호텔,인천 계양구 계양대로 28,3.7,http://www.hotelcharis.com/wp/
부천 호텔,소울하다 인천계양점,인천 계양구 계양문화로 58,4.5,https://topstay01.cafe24.com/
부천 호텔,반도관광호텔,인천 계양구 계양문화로17번길 8,3.0,
부천 호텔,호텔리버,인천 계양구 계양문화로53번길 6,3.5,http://www.riverhotel.co.kr/default/
부천 호텔,인천 반도,인천 계양구 계양문화로17번길 8,0.0,
부천 호텔,보우호텔,인천 계양구 계양문화로59번길 9,2.5,http://www.hotelvow.com/main/main.php
부천 호텔,메이필드호텔 서울,서울 강서구 방화대로 94,4.1,https://www.mayfield.co.kr/main/
부천 호텔,골든호텔,인천 남동구 석촌로 57,3.0,https://www.hotelsouthkorea.com/golden-hotel-incheon/
부천 호텔,파이호텔,인천 남동구 석촌로46번길 47,1.8,http://xn--hu5bq4pxlb3wf.gajagaja.co.kr/
부천 호텔,호텔 베르누이 서울,서울 구로구 경인로 229,3.9,https://www.bernoui.com/
부천 호텔,호텔디아망,서울 강서구 남부순환로 190,3.7,http://hoteldiamant.co.kr/
부천 호텔,퍼시픽호텔,서울 강서구 남부순환로 188,3.0,
부천 호텔,샴푸호텔,인천 부평구 광장로4번길 23,4.8,
부천 호텔,아마레관광호텔,인천 계양구 장제로730번길 14,2.1,http://www.hotel-amare.com/main/main.php
부천 호텔,카리스호텔,인천 계양구 계양대로 28,3.7,http://www.hotelcharis.com/wp/
부천 호텔,소울하다 인천계양점,인천 계양구 계양문화로 58,4.5,https://topstay01.cafe24.com/
부천 호텔,반도관광호텔,인천 계양구 계양문화로17번길 8,3.0,
부천 호텔,호텔리버,인천 계양구 계양문화로53번길 6,3.5,http://www.riverhotel.co.kr/default/
부천 호텔,인천 반도,인천 계양구 계양문화로17번길 8,0.0,
부천 호텔,보우호텔,인천 계양구 계양문화로59번길 9,2.5,http://www.hotelvow.com/main/main.php
부천 호텔,메이필드호텔 서울,서울 강서구 방화대로 94,4.1,https://www.mayfield.co.kr/main/
부천 호텔,골든호텔,인천 남동구 석촌로 57,3.0,https://www.hotelsouthkorea.com/golden-hotel-incheon/
부천 호텔,파이호텔,인천 남동구 석촌로46번길 47,1.8,http://xn--hu5bq4pxlb3wf.gajagaja.co.kr/
부천 호텔,호텔 베르누이 서울,서울 구로구 경인로 229,3.9,https://www.bernoui.com/
부천 호텔,호텔디아망,서울 강서구 남부순환로 190,3.7,http://hoteldiamant.co.kr/
부천 호텔,퍼시픽호텔,서울 강서구 남부순환로 188,3.0,
부천 호텔,롯데시티호텔 김포공항,서울 강서구 하늘길 38,4.1,https://www.lottehotel.com/gimpo-city/ko.html
부천 호텔,로얄스퀘어호텔,서울 강서구 공항대로 30,4.6,https://royalsquarehotel.com/
부천 호텔,메이필드호텔 스위트,서울 강서구 방화대로 94,1.0,https://www.mayfield.co.kr/main/
부천 호텔,호텔프라하,인천 남동구 남동대로916번길 49,3.0,
부천 호텔,한강골드호텔,서울 구로구 경인로20가길 19,0.0,
부천 호텔,캠프관광호텔,"서울 양천구 가로공원로 167 지하1층,1~10층",4.8,
부천 호텔,호텔더디자이너스 인천점,인천 남동구 남동대로765번길 8,3.3,http://designersincheon.com/
부천 호텔,호텔드어반,서울 강서구 곰달래로24길 35,3.1,
부천 호텔,알로하호텔,인천 남동구 남동대로777번길 32,,https://icgwalohahotel.modoo.at/
부천 호텔,아늑호텔 인천구월점,인천 남동구 예술로204번길 15 4-15층,4.7,http://www.aankguwol-ic.com/
부천 호텔,호텔N,서울 강서구 곰달래로24길 36,1.0,
부천 호텔,호텔볼콤마,서울 강서구 강서로5가길 25,3.5,
부천 호텔,라스베가스호텔,서울 강서구 강서로5가길 24,0.0,
부천 호텔,호텔플로체,경기 부천시 원미구 길주로77번길 19-22,4.8,https://flocehotel.jalib.site/
부천 호텔,에버호텔,경기 부천시 원미구 길주로121번길 18-21,4.1,https://everhotel.jalib.site/
부천 호텔,호텔벤,경기 부천시 원미구 부일로506번길 30,3.0,https://hotelben.modoo.at/
부천 호텔,호텔CT,경기 부천시 원미구 석천로178번길 12,3.3,
부천 호텔,부천 노블레스호텔,경기 부천시 원미구 부천로10번길 49,3.6,http://noblessehotel.kr/
부천 호텔,호텔아이,경기 부천시 원미구 부천로1번길 34,1.6,
부천 호텔,시애틀호텔 부천점,경기 부천시 원미구 부천로2번길 33,3.7,https://bcseattlehotel.modoo.at/
부천 호텔,호텔로잔,경기 부천시 원미구 석천로170번길 15,1.0,
부천 호텔,돈키호텔,경기 부천시 원미구 부일로432번길 36,3.0,https://bcdonkey1.modoo.at/
부천 호텔,모모호텔,경기 부천시 원미구 상일로122번길 24 2층,5.0,https://bcmomo.modoo.at/
부천 호텔,마루호텔,경기 부천시 원미구 부일로199번길 21 6층,3.8,
부천 호텔,호텔요기,"경기 부천시 원미구 부일로233번길 21 5,6층",5.0,https://bchere.modoo.at/
부천 호텔,마리호텔,경기 부천시 오정구 소사로776번길 48,0.0,
부천 호텔,케이(K)호텔,경기 부천시 원미구 길주로77번길 27,2.0,https://blog.naver.com/hotel_k
부천 호텔,호텔키노,경기 부천시 원미구 신흥로26번길 45,1.7,
부천 호텔,호텔캣츠,경기 부천시 원미구 원미로17번길 36,2.0,https://hotelcats.modoo.at/
부천 호텔,호텔버닝,경기 부천시 원미구 원미로13번길 42,0.0,
부천 호텔,자자호텔,경기 부천시 원미구 부천로29번길 22,1.9,
부천 호텔,모리호텔,경기 부천시 원미구 부흥로307번길 46,2.0,
부천 호텔,피오르호텔,경기 부천시 원미구 부일로233번길 43,0.0,
부천 호텔,호텔씨앤,경기 부천시 원미구 원미로17번길 21,0.0,
부천 호텔,시크릿호텔,경기 부천시 원미구 길주로77번길 19-8 1~8층,2.7,
부천 호텔,호텔체리쉬,경기 부천시 원미구 부천로6번길 29,3.7,
부천 호텔,리베라호텔,경기 부천시 오정구 소사로748번길 21,2.0,
부천 호텔,뷰티호텔133,경기 부천시 원미구 조마루로 276 그린타운우성2차아파트 상가 1층,0.0,
부천 호텔,알브호텔,경기 부천시 오정구 소사로776번길 64,1.0,
부천 호텔,호텔르네,경기 부천시 오정구 원종로79번길 17,5.0,
부천 호텔,R호텔,경기 부천시 원미구 길주로77번길 55-15 1~8층,1.3,
부천 호텔,썸호텔,경기 부천시 소사구 부광로7번길 15,1.0,
부천 호텔,호텔버닝(HOTEL BURNING),경기 부천시 원미구 원미로13번길 42,5.0,
부천 호텔,주안야자호텔,경기 부천시 원미구 부천로 231,0.0,
부천 호텔,마이호텔,경기 부천시 원미구 길주로121번길 18-11 1~8층,2.7,
부천 호텔,돈키호텔,경기 부천시 오정구 원종로65번길 19,3.0,
부천 호텔,호텔3&4,경기 부천시 오정구 원종로65번길 14,5.0,
부천 호텔,루엔호텔,경기 부천시 소사구 부광로7번길 17,0.0,
부천 호텔,뷰티호텔180 부천중동점,경기 부천시 원미구 부일로 341 팰리스카운티A 대림상가 104호,0.0,https://blog.naver.com/beautyhotel_jungdong
부천 호텔,호텔나른,경기 부천시 원미구 원미로13번길 33,0.0,
부천 호텔,오렌지호텔,경기 부천시 원미구 신흥로22번길 44,1.0,
부천 호텔,돈키호텔2,경기 부천시 원미구 부천로6번길 58,1.0,
부천 호텔,호텔식맛사지,경기 부천시 원미구 중동로248번길 86 2층,0.0,
부천 호텔,호텔시티,경기 부천시 원미구 석천로178번길 12,0.0,
부천 호텔,호텔&스파,경기 부천시 원미구 상이로9번길 8-11,0.0,
부천 호텔,뷰티호텔,경기 부천시 원미구 부일로394번길 21,0.0,
부천 호텔,뷰티호텔180,경기 부천시 원미구 중동로 107,0.0,
부천 호텔,시엘호텔,경기 부천시 원미구 부천로29번길 26,0.0,
부천 호텔,중동뷰티호텔,경기 부천시 원미구 중동로 107,0.0,
부천 호텔,모모호텔 2,경기 부천시 원미구 상일로122번길 20 2-3층,0.0,
부천 호텔,호텔앤스파,경기 부천시 원미구 장말로 9,1.0,
부천 호텔,호텔리쟈드,경기 부천시 원미구 부일로 465-2,0.0,
부천 호텔,CL 호텔,경기 부천시 원미구 부천로29번길 26,0.0,
부천 호텔,호텔스클리닝컴퍼니,경기 부천시 원미구 부흥로433번길 12-2 2층,0.0,
부천 호텔,뷰티호텔,경기 부천시 소사구 심곡로14번길 26,0.0,
부천 호텔,피자인 롯데호텔최우수 요리상수상,경기 부천시 원미구 부천로197번길 51,0.0,
부천 호텔,세븐스텝호텔,인천 부평구 장제로92번길 13,3.2,https://www.instagram.com/accounts/login/?next=https%3A%2F%2Fwww.instagram.com%2Fhotel_sevenstep_bupyeong%2F&is_from_rle
부천 호텔,호텔뉴캐슬,인천 부평구 장제로91번길 16,1.0,
부천 호텔,갤러리아호텔,인천 부평구 대정로90번길 24,4.0,
부천 호텔,호텔오라,인천 부평구 대정로82번길 13,,
부천 호텔,호텔오늘,인천 부평구 부평문화로106번길 39,0.0,
부천 호텔,쁠랑호텔,인천 부평구 대정로90번길 30,3.0,https://bpppeullang.modoo.at/
부천 호텔,레니엘호텔 부평점,인천 부평구 경원대로1431번길 40,4.0,
부천 호텔,스카이호텔,인천 부평구 부평문화로106번길 16,0.0,
부천 호텔,호텔게이트,인천 부평구 광장로30번길 66,5.0,
부천 호텔,굿타임호텔,인천 부평구 경원대로1417번길 18-9,3.0,
부천 호텔,호텔벨루스,인천 부평구 부흥로294번길 19,3.7,https://icbphotelbellus.modoo.at/?&pc=1
부천 호텔,얼스 호텔,인천 부평구 부평문화로 161 2층,0.0,
부천 호텔,호텔두루와 본관,인천 부평구 시장로12번길 31,2.8,https://duruwamain.modoo.at/
부천 호텔,호텔 라운지7,인천 부평구 대정로82번길 18,5.0,
부천 호텔,IMT호텔,인천 부평구 대정로82번길 19,2.3,https://www.hotelsouthkorea.com/bupyung-imt-hotel-incheon
부천 호텔,이오스호텔,인천 부평구 대정로82번길 25,1.0,https://bpeoshotel.modoo.at/
부천 호텔,호텔두루와 부평2호점,인천 부평구 경원대로1431번길 12,3.5,
부천 호텔,자바호텔,인천 부평구 대정로82번길 22,2.3,
부천 호텔,호텔코고라,인천 부평구 경원대로1417번길 4,4.2,
부천 호텔,호텔마리골드,인천 부평구 경원대로1417번길 12 호텔 마리골드,3.7,
부천 호텔,아트호텔,인천 부평구 대정로90번길 6,0.0,
부천 호텔,호텔두루와 부평1호점 별관,인천 부평구 시장로12번길 35,4.0,
부천 호텔,호텔러브스업,인천 부평구 경원대로1417번길 23,1.0,
부천 호텔,라임호텔,인천 부평구 부평문화로79번길 40,4.5,
부천 호텔,별하호텔,인천 부평구 대정로36번길 7-1,4.0,
부천 호텔,케이스타호텔,인천 부평구 대정로90번길 27,0.0,
부천 호텔,넘버25호텔 인천부평점,인천 부평구 시장로12번길 24,4.4,
부천 호텔,호텔 뷰,인천 부평구 시장로20번길 19,0.0,
부천 호텔,호텔티,인천 부평구 부평대로 90,0.0,
부천 호텔,호텔아미 부평문화의거리점,인천 부평구 부평문화로72번길 10,1.0,
부천 호텔,호텔마이플레이스,인천 부평구 부평문화로72번길 10-5,0.0,
부천 호텔,호텔부티앤,인천 계양구 계양문화로17번길 4,5.0,
부천 호텔,더상상호텔,인천 부평구 경원대로1377번길 17-10,2.6,
부천 호텔,칼튼호텔,인천 부평구 경원대로1367번길 26-3,3.7,
부천 호텔,르블랑호텔,인천 부평구 경원대로1377번길 9-2,5.0,http://0325274568.tshome.co.kr/
부천 호텔,월호텔,인천 계양구 계양문화로17번길 5-2,2.3,
부천 호텔,호텔버스,인천 부평구 경원대로1367번길 18-12,4.3,
부천 호텔,문라이트호텔,인천 부평구 경원대로1367번길 9,1.0,
부천 호텔,소풍호텔,인천 계양구 계양문화로 31,4.0,
부천 호텔,RG호텔,인천 계양구 계양문화로29번길 3,1.0,
부천 호텔,호텔브랜드,인천 부평구 부평대로17번길 30,0.0,
부천 호텔,호텔명작,인천 계양구 장제로730번길 11,0.0,
부천 호텔,써클호텔,인천 계양구 계양문화로29번길 5,2.0,
부천 호텔,카리스호텔 웨딩홀,인천 계양구 계양대로 28,3.0,https://www.instagram.com/accounts/login/?next=https%3A%2F%2Fwww.instagram.com%2Fcharishotel%2F&is_from_rle
부천 호텔,호텔RG,인천 부평구 원길로11번길 7,1.6,https://bprg.modoo.at/
부천 호텔,필름372호텔,인천 계양구 계양문화로29번길 3,0.0,
부천 호텔,일루아호텔,인천 계양구 계산천동로23번길 3-1,4.5,
부천 호텔,나인호텔,인천 계양구 계산천동로 14,3.3,
부천 호텔,마리호텔,인천 계양구 계산천동로 10,5.0,
부천 호텔,어썸호텔,인천 계양구 계산천동로 11-2,0.0,
부천 호텔,시에스타호텔,인천 부평구 원길로 7-9,0.0,
부천 호텔,메이필드호텔 봉래헌,서울 강서구 방화대로 94 별관 1층,3.7,https://mayfield.co.kr/main/
부천 호텔,호텔101,인천 계양구 계산로103번길 8,4.3,
부천 호텔,온호텔,인천 계양구 계산천동로23번길 3,3.0,
부천 호텔,알리스위트호텔,인천 남동구 남동대로916번길 15,4.5,
부천 호텔,메이필드호텔 낙원,서울 강서구 방화대로 94 별관 한옥 1층,3.5,https://www.mayfield.co.kr/main/
부천 호텔,호텔티제이,서울 강서구 남부순환로 196,3.7,
부천 호텔,베네호텔,인천 부평구 동암광장로14번길 8,3.5,https://benehotel.modoo.at/
부천 호텔,호텔101,인천 남동구 석촌로46번길 33,4.0,
부천 호텔,SL호텔,인천 남동구 용천로153번길 58,0.0,
부천 호텔,쎄비앙호텔,서울 구로구 경인로22길 37,3.7,https://cebienhotel.modoo.at/
부천 호텔,메이필드호텔 캐슬테라스,서울 강서구 방화대로 94 본관 1층,3.9,https://www.mayfield.co.kr/dining/castleTerrace.html
부천 호텔,넘버25호텔 동암역점,인천 부평구 열우물로 42-16,5.0,https://blog.naver.com/wsw153153
부천 호텔,호텔두루와,인천 부평구 열우물로38번길 7,4.2,
부천 호텔,메이필드호텔 연회장,서울 강서구 방화대로 94,3.0,https://mayfield.co.kr/main/
부천 호텔,뷰티호텔,인천 계양구 새벌로133번길 11,0.0,
부천 호텔,어썸호텔,인천 남동구 석촌로46번길 31,0.0,
부천 호텔,호텔느낌,인천 부평구 동암광장로12번길 15,0.0,
부천 호텔,호텔버스,인천 남동구 석촌로46번길 50,3.3,
부천 호텔,골드호텔,인천 부평구 동암광장로14번길 15,0.0,
부천 호텔,CL호텔,서울 강서구 강서로5나길 136,3.0,
부천 호텔,넘버25호텔 인천간석점,인천 남동구 백범로359번길 15,3.0,
부천 호텔,스카이호텔,경기 시흥시 비둘기공원5길 18,1.0,
부천 호텔,호텔엔,서울 강서구 곰달래로 76,3.4,https://haanne.modoo.at/
부천 호텔,에메랄드호텔,인천 남동구 남동대로922번길 31,3.0,
부천 호텔,3&4호텔,인천 부평구 열우물로38번길 12-6,5.0,
부천 호텔,호텔민트,인천 부평구 동암광장로4번길 7,0.0,
부천 호텔,고추잠자리호텔,인천 부평구 동암광장로4번길 12 1~4층,1.0,
부천 호텔,AM호텔,경기 시흥시 호현로10번길 17-1,5.0,
부천 호텔,메이필드호텔 로얄마일,서울 강서구 방화대로 94 호텔본관 1층,4.3,https://mayfield.co.kr/dining/royalmile.html
부천 호텔,호텔오후,인천 부평구 열우물로 42-16,5.0,
부천 호텔,퀸즈호텔,인천 남동구 백범로359번길 19,0.0,
부천 호텔,호텔볼,서울 강서구 강서로5나길 30,3.0,https://hotelvoll.modoo.at/
부천 호텔,호텔초콜렛,서울 강서구 강서로5가길 24,2.3,https://hgchocolate.modoo.at/
부천 호텔,메이필드호텔 벨타워가든,서울 강서구 방화대로 94,0.0,
부천 호텔,V3호텔,인천 남동구 남동대로922번길 25,0.0,
부천 호텔,호텔 진,인천 남동구 남동대로777번길 36 1~10층,4.2,https://blog.naver.com/qkrckswls9053
부천 호텔,렉스빌호텔,경기 시흥시 복지로 13-7,1.0,
부천 호텔,메이필드호텔 더큐,서울 강서구 방화대로 94 본관 1층,5.0,https://www.mayfield.co.kr/main/
부천 호텔,리빙호텔,인천 남동구 남동대로921번길 19,0.0,
부천 호텔,버닝호텔,서울 양천구 신정로11길 20 동일하이빌 206동 2501호,0.0,https://www.theburninghotel.com/
부천 호텔,엘호텔,인천 남동구 석촌로46번길 11,0.0,
부천 호텔,러쉬호텔,서울 강서구 강서로5나길 10-3,0.0,https://lushhotel.modoo.at/
부천 호텔,서브웨이호텔 시흥,경기 시흥시 호현로10번길 15-3,0.0,https://subwayhotel.modoo.at/
부천 호텔,칼호텔네트워크,서울 강서구 하늘길 260,0.0,
부천 호텔,오슬로호텔,서울 강서구 월정로 118,0.0,
부천 호텔,떠블유호텔,경기 시흥시 복지로 13-11,0.0,
부천 호텔,메이필드호텔 코코노르스파,서울 강서구 방화대로 94 스위트동 지하1층,0.0,https://www.mayfield.co.kr/main/
부천 호텔,카카오호텔,인천 남동구 예술로204번길 32,2.3,
부천 호텔,메이필드호텔 프론트,서울 강서구 방화대로 94,0.0,
부천 호텔,K호텔,인천 남동구 남동대로777번길 35,1.0,
부천 호텔,5076. 메이필드호텔앞,서울 강서구 외발산동 276-9,0.0,
부천 호텔,멍뭉호텔,경기 시흥시 은계중앙로 247,0.0,
부천 호텔,호텔테마,서울 강서구 화곡로 176-16,4.0,
부천 호텔,호텔베스트원1,서울 강서구 강서로7길 129,0.0,
부천 호텔,테르모호텔,서울 강서구 강서로5가길 17,0.0,
부천 호텔,MS호텔,서울 강서구 곰달래로24길 30,0.0,
부천 호텔,호텔워크,서울 강서구 곰달래로 118,0.0,
부천 호텔,뷰티호텔 마곡점,서울 강서구 공항대로 140 마곡엠밸리12단지 상가 1층 111호,0.0,
부천 호텔,뉴테르모호텔,서울 강서구 곰달래로24길 40,0.0,
부천 호텔,뷰티호텔,서울 구로구 개봉로1나길 52 1층,0.0,
부천 호텔,뷰티호텔,서울 구로구 개봉로3길 55,0.0,
부천 호텔,마켓무 부천호텔점,경기 부천시 원미구 석천로170번길 11,0.0,
부천 호텔,오븐에빠진닭 제니스호텔점,경기 부천시 원미구 길주로77번길 19-24,0.0,
부천 호텔,버니1,인천 부평구 경원대로1417번길 17-6,3.0,https://www.instagram.com/accounts/login/?next=https%3A%2F%2Fwww.instagram.com%2Fcch0928%2F&is_from_rle
부천 호텔,아이러브유,인천 부평구 시장로12번길 25,3.8,
부천 호텔,토마토,인천 계양구 계양문화로17번길 5-1,5.0,
부천 호텔,한화리조트 남광센트렉스점,인천 부평구 부평대로 301,0.0,
부천 호텔,묘랑,인천 계양구 계양대로89번길 6 2층,5.0,https://www.instagram.com/accounts/login/?next=https%3A%2F%2Fwww.instagram.com%2Fmyorang_kittens%2F&is_from_rle
부천 호텔,포유,경기 시흥시 비둘기공원4길 21,1.0,
부천 호텔,르씨엘,경기 시흥시 호현로10번길 19,2.8,
부천 호텔,라이프스타일S,서울 강서구 곰달래로 108,2.0,https://hwagoks.modoo.at/
부천 호텔,신라면세점 김포공항점,서울 강서구 하늘길 38 국제선청사 3층,0.0,https://www.shilladfs.com/estore/kr/en/?uiel=Desktop
부천 컨벤션,MJ컨벤션,경기 부천시 소사구 경인로 386 1층,4.3,http://mjcon.co.kr/
부천 컨벤션,소풍컨벤션웨딩부페,경기 부천시 원미구 송내대로 239 부천터미널 7층,3.2,http://www.sopoongwedding.co.kr/
부천 컨벤션,에스컨벤션웨딩홀,경기 부천시 원미구 길주로 105,2.3,
부천 컨벤션,파티엔블리스컨벤션웨딩홀,경기 부천시 소사구 경인로 527,0.0,
부천 컨벤션,W컨벤션웨딩부페,경기 부천시 소사구 경인로 519,0.0,
부천 컨벤션,뉴월드컨벤션웨딩뷔페,경기 부천시 원미구 길주로 351,0.0,
부천 컨벤션,삼산월드컨벤션센터,인천 부평구 체육관로 60 1층,3.1,https://samsanconvention.modoo.at/
부천 컨벤션,컨벤션스카이라운지,인천 부평구 체육관로 60,0.0,
부천 컨벤션,아산컨벤션웨딩부페,인천 부평구 마장로 75,0.0,
부천 컨벤션,국민건강보험공단 부천남부지사,경기 부천시 소사구 경인로 386 MJ컨벤션 2층,,https://www.nhis.or.kr/nhis/index.do
부천 컨벤션,선바람한복집,경기 부천시 소사구 경인로 386 MJ컨벤션 1층,1.5,https://www.instagram.com/accounts/login/?next=https%3A%2F%2Fwww.instagram.com%2Fseonbaram_hanbok%2F&is_from_rle
부천 컨벤션,CN천년웨딩홀 계산점,인천 계양구 경명대로 1108,3.1,http://www.cngyesan.com/
부천 연수원,키즈콩콩 이벤트,경기 부천시 소사구 양지로 20,0.0,
부천 연수원,한국GM 기술교육원,인천 부평구 부평대로 233,5.0,
부천 연수원,인천광역시 교통연수원,인천 계양구 경명대로 990,1.0,https://www.int.or.kr/
부천 연수원,아시아나타운 교육훈련동,서울 강서구 오정로 443-100,0.0,
부천 연수원,대한항공 객실훈련센터,서울 강서구 오정로 576,5.0,
부천 연수원,전자랜드 교육연수원,인천 남동구 장자로51번길 10,0.0,
부천 연수원,아시아나항공 운항훈련팀,서울 강서구 오정로 443-83,5.0,
부천 연수원,대교HRD센터,경기 시흥시 소래산길 28,3.3,https://www.facebook.com/login/?next=https%3A%2F%2Fwww.facebook.com%2Fdaekyohrdcenter0313121211%2F
부천 연수원,국술관사범연수원,인천 남동구 인주대로850번길 15,0.0,
부천 연수원,국민안전 교육연수원 시흥지회,경기 시흥시 비둘기공원7길 39 트윈프라자 A동 505호,0.0,
시흥 호텔,부티크호텔K 오이도점,경기 시흥시 옥구상가3길 15-4,2.0,
시흥 호텔,웨이브엠호텔 웨스트,경기 시흥시 거북섬로 112 3층,4.4,https://wavemhotel.co.kr/
시흥 호텔,호텔시엘로,경기 시흥시 거북섬둘레길 5-7,4.7,http://www.hotelcielo.co.kr/
시흥 호텔,씨하이 호텔,경기 시흥시 오이도로135번길 72,3.4,https://seahihotel.com/
시흥 호텔,하운드호텔 거북섬점,경기 시흥시 거북섬1길 19 제일프라자1 6층 601~635호,4.3,https://blog.naver.com/houndhotel-turtle
시흥 호텔,호텔리브레,경기 시흥시 서촌상가3길 7-3,4.4,https://www.hotelsouthkorea.com/hotel-libre/
시흥 호텔,리브라이프호텔,경기 시흥시 중심상가1길 25,5.0,https://shlivlifehotel.modoo.at/
시흥 호텔,웨이브엠호텔 이스트,경기 시흥시 거북섬로 130 3층,0.0,https://wavemhotel.co.kr/
시흥 호텔,벨라지오호텔,경기 시흥시 연성로13번길 4,3.7,https://bellagiohotel.modoo.at/
시흥 호텔,호텔더베이21,경기 시흥시 오이도로 123-1,3.5,http://thebay21hotel.com/
시흥 호텔,크루즈호텔,경기 시흥시 월곶중앙로70번안길 20,3.7,
시흥 호텔,파크마린호텔,"인천 남동구 소래역로 44 1층, 4~10층",3.8,http://parkmarinehotel.co.kr/ko/
시흥 호텔,호텔월,경기 안산시 단원구 선부광장로 85,3.5,https://ansanwolhotel.modoo.at/
시흥 호텔,라마다 바이 윈덤 인천,인천 남동구 소래역로 36 6-16층,3.6,https://ramadaincheon.com/
시흥 호텔,호텔카카오,인천 남동구 앵고개로948번길 48,4.6,http://hotelcacao.co.kr/
시흥 호텔,호텔 라성,경기 안산시 단원구 화랑로 107,4.3,
시흥 호텔,3S호텔 소래점,인천 남동구 소래역로 26-16,4.8,
시흥 호텔,글로스터호텔 인천,인천 남동구 소래역로 36,0.0,http://incheon.gloucester.co.kr/
시흥 호텔,폴로관광호텔,인천 남동구 앵고개로934번길 30,4.4,https://polotourismhotel.modoo.at/
시흥 호텔,에이치에비뉴 소래포구점,인천 남동구 소래역로46번길 28 대영로데오 8층,4.8,https://pf.kakao.com/_HwSxgs
시흥 호텔,호텔스퀘어 안산,경기 안산시 단원구 동산로 81,3.1,http://hotelsquare.co.kr/
시흥 호텔,엠블던호텔 웨딩&컨벤션,경기 안산시 단원구 중앙대로 869,4.0,http://embledonhotel.com/
시흥 호텔,안산 피노키오,경기 안산시 상록구 광덕산2로 18,0.0,
시흥 호텔,안산 이화,경기 안산시 단원구 고잔1길 54,3.0,https://hoteliwha.modoo.at/
시흥 호텔,호텔지뜨,경기 시흥시 거북섬둘레길 1 8층,4.9,https://hotelgitemtv.modoo.at/
시흥 호텔,호텔더클래식,경기 시흥시 월곶중앙로70번안길 22,5.0,https://wghoteltheclassic.modoo.at/
시흥 호텔,웨스트레이븐호텔,경기 시흥시 옥터로 3,3.0,http://www.westravenoidohotel.co.kr/
시흥 호텔,에로스호텔,경기 시흥시 함송로14번길 13-7,3.0,https://eroshotel.modoo.at/
시흥 호텔,빨간등대관광호텔,경기 시흥시 오이도로135번길 10,4.3,
시흥 호텔,호텔웨이브,"경기 시흥시 거북섬둘레길 5-14 7,8층",4.8,https://shwave.modoo.at/
시흥 호텔,뉴로즈호텔,경기 시흥시 중심상가2길 22 로즈프라자 4-5층,4.3,https://newrosehotel.jalib.site/
시흥 호텔,T호텔,경기 시흥시 옥구상가4길 8-2,1.0,https://shthotel.modoo.at/
시흥 호텔,호텔엘리시움,경기 시흥시 중심상가1길 11-5,4.4,
시흥 호텔,나비야호텔,경기 시흥시 월곶중앙로58번길 27,5.0,http://0313185306.tshome.co.kr/
시흥 호텔,유니크호텔28,경기 시흥시 월곶중앙로70번안길 28,2.0,https://wguniquehotel28.modoo.at/
시흥 호텔,월드호텔,경기 시흥시 평안상가5길 7-3,5.0,https://worldhote1l.modoo.at/
시흥 호텔,플럼호텔,경기 시흥시 평안상가4길 8-6,4.5,https://www.hotelsouthkorea.com/plum-hotel/
시흥 호텔,마리호텔,경기 시흥시 월곶중앙로70번안길 32,4.0,
시흥 호텔,세븐헤르츠호텔,경기 시흥시 중심상가로 202-10,3.7,
시흥 호텔,씨사이드호텔,경기 시흥시 함송로13번길 18,3.9,
시흥 호텔,스카이호텔,경기 시흥시 비둘기공원5길 18,1.0,
시흥 호텔,플러스호텔,경기 시흥시 월곶중앙로70번안길 35-1,0.0,https://www.instagram.com/accounts/login/?next=https%3A%2F%2Fwww.instagram.com%2Fplushotel6900%2F&is_from_rle
시흥 호텔,호텔연,경기 시흥시 월곶중앙로58번길 33,3.8,https://theyeon.modoo.at/
시흥 호텔,궁호텔,경기 시흥시 평안상가1길 27,1.0,
시흥 호텔,팜호텔,경기 시흥시 옥구상가4길 24-6,4.0,
시흥 호텔,더에스호텔,경기 시흥시 옥구상가4길 16-5,0.0,
시흥 호텔,AM호텔,경기 시흥시 호현로10번길 17-1,5.0,
시흥 호텔,넘버25호텔 거북섬점,경기 시흥시 거북섬1길 19 제일프라자 7층 701~735호,4.8,
시흥 호텔,자자호텔,경기 시흥시 중심상가1길 21,2.5,
시흥 호텔,호텔세븐스텝 시흥정왕점,경기 시흥시 옥구상가4길 8-4,2.2,https://www.instagram.com/accounts/login/?next=https%3A%2F%2Fwww.instagram.com%2Fhotel_sevenstep_siheung%2F&is_from_rle
시흥 호텔,호텔 쿡,경기 시흥시 월곶중앙로46번길 28-11,2.3,http://hotel-cook.com/
시흥 호텔,티아라호텔,경기 시흥시 옥구상가4길 16-3,1.0,
시흥 호텔,에비뉴S호텔,경기 시흥시 월곶중앙로58번길 30,1.0,https://avenueshotel.modoo.at/
시흥 호텔,시티즈호텔,경기 시흥시 서촌상가2길 38,0.0,
시흥 호텔,렉스빌호텔,경기 시흥시 복지로 13-7,1.0,
시흥 호텔,디자인호텔쉬리,경기 시흥시 월곶중앙로70번안길 11,0.0,
시흥 호텔,호텔RG,경기 시흥시 월곶중앙로70번안길 36,1.0,https://blog.naver.com/goodrest2018
시흥 호텔,호텔썬샤인,경기 시흥시 월곶동 992-3,5.0,
시흥 호텔,이로호텔,경기 시흥시 월곶중앙로70번안길 12,5.0,
시흥 호텔,시네마호텔,경기 시흥시 월곶중앙로70번길 30,0.0,
시흥 호텔,서브웨이호텔 시흥,경기 시흥시 호현로10번길 15-3,0.0,https://subwayhotel.modoo.at/
시흥 호텔,떠블유호텔,경기 시흥시 복지로 13-11,0.0,
시흥 호텔,호텔피어106,경기 시흥시 월곶중앙로30번안길 10-6,3.0,
시흥 호텔,부티크호텔,경기 시흥시 중심상가1길 9,0.0,
시흥 호텔,멍뭉호텔,경기 시흥시 은계중앙로 247,0.0,
시흥 호텔,디자인호텔IMT,경기 시흥시 월곶중앙로30번안길 30,0.0,
시흥 호텔,부티크호텔풀문,경기 시흥시 월곶중앙로30번안길 23,0.0,
시흥 호텔,유니크호텔&율,경기 시흥시 월곶중앙로70번안길 28,0.0,
시흥 호텔,호텔버스,경기 안산시 단원구 선부광장1로 14 광원빌딩 5층,3.0,https://bushotel.modoo.at/
시흥 호텔,아이비호텔,경기 안산시 단원구 선부광장로 91,4.7,https://asivy.modoo.at/
시흥 호텔,로자벨호텔,경기 안산시 단원구 원곡공원로 1 3~10층,5.0,
시흥 호텔,호텔루브,인천 남동구 소래역로 22,4.8,
시흥 호텔,루엠호텔,"경기 안산시 단원구 선부광장1로 182 4, 5층",4.8,
시흥 호텔,라성호텔단일로사거리,경기 안산시 단원구 원곡동,5.0,
시흥 호텔,호텔월,경기 안산시 단원구 부부로 62,3.0,
시흥 호텔,나무호텔,경기 안산시 단원구 선부광장로 87,0.0,
시흥 호텔,호텔더그레이,인천 남동구 장도로 64 6층,5.0,
시흥 호텔,호텔스튜디오9,경기 안산시 단원구 선부광장로 27 신안골드리치 5층 501호,3.3,
시흥 호텔,루루호텔,인천 남동구 소래역로30번길 22 소래광장프라자 5~7층,2.0,
시흥 호텔,호텔월,인천 남동구 소래역로46번길 20 4~9층,4.4,
시흥 호텔,지투호텔,경기 안산시 단원구 원곡공원로 9,1.0,
시흥 호텔,하비비호텔,인천 남동구 앵고개로934번길 33,3.0,
시흥 호텔,호텔정 안산선부점,경기 안산시 단원구 선부로 199 4-5층,0.0,
시흥 호텔,호텔JK소래,"인천 남동구 소래역로30번길 18 제일타워 6,7,8층",0.0,
시흥 호텔,아비숑호텔,인천 남동구 장도로 53,1.0,
시흥 호텔,호텔잠,경기 안산시 단원구 화정로 92,0.0,
시흥 호텔,G-7호텔,경기 안산시 상록구 원당골길 7,5.0,
시흥 호텔,투헤븐호텔,인천 남동구 소래역로46번길 20,0.0,
시흥 호텔,호텔스퀘어웨딩홀,경기 안산시 단원구 동산로 81,5.0,http://hotelsquare.co.kr/
시흥 호텔,더클래스호텔,경기 안산시 단원구 고잔1길 67 남경프라자 5층,3.0,http://theclasshotel.com/
시흥 호텔,그레이디자인호텔,경기 안산시 단원구 고잔1길 49 운암프라자 5층 501호,3.7,
시흥 호텔,한국호텔관광교육재단 엠블던호텔,경기 안산시 단원구 중앙대로 869,5.0,
시흥 호텔,호텔 레이블 안산중앙점,경기 안산시 단원구 고잔2길 42 6층,5.0,
시흥 호텔,호텔제이,경기 안산시 단원구 고잔1길 45,2.3,
시흥 호텔,호텔데일리,경기 안산시 단원구 고잔로 120 6층,4.5,
시흥 호텔,호텔비즈,경기 안산시 상록구 성호로14길 13,5.0,
시흥 호텔,호텔캐빈,경기 안산시 단원구 안산천서로 9 우진빌딩 501호,4.0,https://www.instagram.com/accounts/login/?next=https%3A%2F%2Fwww.instagram.com%2FKevin_hotel%2F&is_from_rle
시흥 호텔,센스호텔,경기 안산시 단원구 고잔1길 57 금산빌딩 6층 601호,0.0,
시흥 호텔,호텔727,경기 안산시 단원구 광덕2로 58-14 1~6층,2.0,https://hotel727.modoo.at/
시흥 호텔,블루호텔,경기 안산시 단원구 고잔1길 48 천혜빌딩 5층,0.0,https://hotelblue.modoo.at/
시흥 호텔,호텔스퀘어 안산 그랜드볼룸,경기 안산시 단원구 동산로 81 2층,0.0,
시흥 호텔,호텔이화,"경기 안산시 단원구 고잔1길 54 한일빌딩 401, 501호",0.0,
시흥 호텔,호텔라임,"경기 안산시 단원구 고잔2길 73 삼일빌딩 4,5층",2.6,
시흥 호텔,호텔돔,"경기 안산시 단원구 고잔2길 87 대성빌딩 4,5층",5.0,
시흥 호텔,호텔로,경기 안산시 단원구 중앙대로 869,0.0,
시흥 호텔,호텔st25,경기 안산시 단원구 고잔1길 52 4층,3.2,https://asst.modoo.at/
시흥 호텔,호텔마리,경기 안산시 단원구 고잔1길 66,1.5,
시흥 호텔,호텔스퀘어라운지,경기 안산시 단원구 동산로 81 1층,0.0,
시흥 호텔,안산호텔A,경기 안산시 단원구 고잔2길 65,0.0,
시흥 호텔,호텔세탁,경기 광명시 양달로 7,1.0,
시흥 호텔,에이호텔,경기 안산시 단원구 고잔2길 65,0.0,
시흥 호텔,몽키호텔스튜디오,경기 안산시 단원구 한양대학로 210 2층 201호,0.0,
시흥 호텔,한국호텔 관광교육재단,경기 안산시 단원구 중앙대로 937 1층,,
시흥 호텔,한국호텔관광교육재단 한직훈,경기 안산시 단원구 중앙대로 937,,https://www.xn--bc6b75si5a.com/
시흥 호텔,하센나비야,경기 시흥시 서촌상가4길 2,3.0,https://www.hasengroup.com/
시흥 호텔,포유,경기 시흥시 비둘기공원4길 21,1.0,
시흥 호텔,byTHS 발렌타인,경기 시흥시 월곶중앙로70번안길 14,5.0,https://ballantine.modoo.at/
시흥 호텔,르씨엘,경기 시흥시 호현로10번길 19,2.8,
시흥 호텔,라성,경기 안산시 단원구 화랑로 107,0.0,
시흥 호텔,XYM 안산점,경기 안산시 단원구 고잔1길 63 상아프라자,3.0,http://www.xymfranchise.com/
시흥 호텔,케미갑,경기 안산시 단원구 고잔2길 71,4.0,
시흥 컨벤션,JM컨벤션,경기 안산시 단원구 광덕4로 96 5층,3.0,https://xn--jm-o71jl9m7pu.itpage.kr/
시흥 컨벤션,엠블던호텔 웨딩&컨벤션,경기 안산시 단원구 중앙대로 869,4.0,http://embledonhotel.com/
시흥 컨벤션,더루체컨벤션,경기 안산시 단원구 중앙대로 829,4.3,http://www.the-luce.com/
시흥 컨벤션,W이니티움 웨딩컨벤션,경기 안산시 단원구 화랑로 312,2.3,
시흥 컨벤션,(주)논현컨벤션,인천 남동구 논고개로123번길 17,0.0,
시흥 컨벤션,앤텔레콤 고잔역점,"경기 안산시 단원구 광덕4로 96 제이엠 컨벤션웨딩홀 (구,디오)건물1층122호",0.0,https://ntelecomgojan.modoo.at/?link=cyd9nb8g
시흥 컨벤션,JM컨벤션,경기 안산시 단원구 광덕4로 96 5층,3.0,https://xn--jm-o71jl9m7pu.itpage.kr/
시흥 컨벤션,엠블던호텔 웨딩&컨벤션,경기 안산시 단원구 중앙대로 869,4.0,http://embledonhotel.com/
시흥 컨벤션,더루체컨벤션,경기 안산시 단원구 중앙대로 829,4.3,http://www.the-luce.com/
시흥 컨벤션,W이니티움 웨딩컨벤션,경기 안산시 단원구 화랑로 312,2.3,
시흥 컨벤션,(주)논현컨벤션,인천 남동구 논고개로123번길 17,0.0,
시흥 컨벤션,앤텔레콤 고잔역점,"경기 안산시 단원구 광덕4로 96 제이엠 컨벤션웨딩홀 (구,디오)건물1층122호",0.0,https://ntelecomgojan.modoo.at/?link=cyd9nb8g
시흥 연수원,대교HRD센터,경기 시흥시 소래산길 28,3.3,https://www.facebook.com/login/?next=https%3A%2F%2Fwww.facebook.com%2Fdaekyohrdcenter0313121211%2F
시흥 연수원,중소벤처기업진흥공단 중소벤처기업연수원,경기 안산시 단원구 연수원로 87,5.0,https://kosmes.or.kr/intro/intro_real.html
시흥 연수원,중소벤처기업진흥공단 중소기업연수원 창의관,경기 안산시 단원구 연수원로 87,0.0,
시흥 연수원,한국화학안전협회 교육장,경기 안산시 단원구 동산로 63 3층,0.0,http://kcsaedu.onwayedu.co.kr/main/main_popup.html?seq=116
시흥 연수원,중소벤처기업진흥공단 중소벤처기업연수원 대강당,경기 안산시 단원구 연수원로 87,0.0,
시흥 연수원,중소기업연수원 인화2관,경기 안산시 단원구 연수원로 64,0.0,
시흥 연수원,"중소벤처기업진흥공단 중소벤처기업연수원 실험동, 실습동",경기 안산시 단원구 연수원로 87,5.0,
시흥 연수원,중소벤처기업진흥공단 중소기업연수원 자료실,경기 안산시 단원구 연수원로 87,0.0,
시흥 연수원,연수원사거리,경기 안산시 단원구 원곡동,0.0,
시흥 연수원,중소벤처기업진흥공단 중소벤처기업연수원 운동장,경기 안산시 단원구 연수원로 87,0.0,
시흥 연수원,중소벤처기업연수원직원아파트,경기 안산시 단원구 연수원로 64,,
시흥 연수원,국민안전 교육연수원 시흥지회,경기 시흥시 비둘기공원7길 39 트윈프라자 A동 505호,0.0,
광명 호텔,라까사호텔 광명,경기 광명시 일직로12번길 22 라까사타워 7층,4.1,https://www.hotellacasa.kr/main/main_gwangmyeong.php
광명 호텔,테이크호텔,경기 광명시 신기로 22,3.8,https://www.take-hotel.com/
광명 호텔,JS부티크호텔,경기 광명시 오리로854번길 16-18,4.2,http://gmhotel.co.kr/index.php/en/welcome
광명 호텔,르벤토호텔,경기 광명시 범안로 1000,0.0,
광명 호텔,골드리버호텔,서울 금천구 서부샛길 584,3.7,http://www.goldriverhotel.co.kr/html/main.asp
광명 호텔,위드넷,서울 금천구 가마산로 96,0.0,
광명 호텔,라마다서울신도림호텔,서울 구로구 경인로 624,4.2,http://www.ramadasindorim.com/
광명 호텔,마인드호텔,서울 금천구 남부순환로 1262,4.0,http://mindhotel.co.kr/
광명 호텔,호텔 베르누이 서울,서울 구로구 경인로 229,3.9,https://www.bernoui.com/
광명 호텔,롯데시티호텔 구로,서울 구로구 디지털로 300,4.3,https://www.lottehotel.com/guro-city/ko.html
광명 호텔,포포인츠 바이쉐라톤 서울구로,서울 구로구 디지털로32길 72,4.0,https://www.marriott.com/en-us/hotels/selfu-four-points-seoul-guro/overview/
광명 호텔,코코모호텔,서울 구로구 새말로 20,3.7,http://www.hotelcocomo.com/main/main.php
광명 호텔,88호텔,서울 금천구 시흥대로123길 66,5.0,
광명 호텔,더 링크 서울 트리뷰트 포트폴리오 호텔,서울 구로구 경인로 610,4.1,http://thelinkseoul.com/
광명 호텔,골드마운틴77,서울 구로구 남부순환로105다길 13,5.0,
광명 호텔,한강골드호텔,서울 구로구 경인로20가길 19,0.0,
광명 호텔,컬리넌호텔 구로,서울 구로구 시흥대로 533,3.2,https://www.hotelsouthkorea.com/hotel-cullinan-guro
광명 호텔,호텔이사벨,서울 금천구 가산로 50,4.0,
광명 호텔,MD호텔 독산,서울 금천구 시흥대로 315,0.0,
광명 호텔,와이씨앤티,서울 구로구 디지털로32길 72 포포인츠 바이 쉐라톤 서울 구로,0.0,https://www.instagram.com/accounts/login/?next=https%3A%2F%2Fwww.instagram.com%2Ffourpointsguro%2F&is_from_rle
광명 호텔,테이블엔조이,서울 구로구 디지털로26길 111,0.0,https://www.tablenjoy.com/
광명 호텔,비에프인텔리젼스,서울 영등포구 대림로 142 개풍빌딩 B101호,5.0,
광명 호텔,CS프리미어호텔서울,서울 관악구 남부순환로 1458,3.5,https://www.instagram.com/accounts/login/?next=https%3A%2F%2Fwww.instagram.com%2Fcspremier_seoul%2F&is_from_rle
광명 호텔,코트야드 바이메리어트 서울타임스퀘어,서울 영등포구 영중로 15,3.8,https://www.marriott.com/ko/hotels/selcy-courtyard-seoul-times-square/overview/
광명 호텔,페어필드바이메리어트 서울,서울 영등포구 경인로 870 영등포J&S,,https://www.marriott.com/en-us/hotels/selfi-fairfield-seoul/overview/
광명 호텔,베니키아호텔카카오,서울 영등포구 경인로108길 15,2.3,https://www.hotelsouthkorea.com/benikea-hotel-kakao/
광명 호텔,메리어트 이그제큐티브아파트먼트 서울,서울 영등포구 여의대로 8,3.0,https://www.marriott.com/ko/hotels/seler-yeouido-park-centre-seoul-marriott-executive-apartments/overview/
광명 호텔,더 링크 서울 트리뷰트 포트폴리오 호텔,서울 구로구 경인로 610,4.1,http://thelinkseoul.com/
광명 호텔,골드마운틴77,서울 구로구 남부순환로105다길 13,5.0,
광명 호텔,한강골드호텔,서울 구로구 경인로20가길 19,0.0,
광명 호텔,컬리넌호텔 구로,서울 구로구 시흥대로 533,3.2,https://www.hotelsouthkorea.com/hotel-cullinan-guro
광명 호텔,호텔이사벨,서울 금천구 가산로 50,4.0,
광명 호텔,MD호텔 독산,서울 금천구 시흥대로 315,0.0,
광명 호텔,와이씨앤티,서울 구로구 디지털로32길 72 포포인츠 바이 쉐라톤 서울 구로,0.0,https://www.instagram.com/accounts/login/?next=https%3A%2F%2Fwww.instagram.com%2Ffourpointsguro%2F&is_from_rle
광명 호텔,테이블엔조이,서울 구로구 디지털로26길 111,0.0,https://www.tablenjoy.com/
광명 호텔,비에프인텔리젼스,서울 영등포구 대림로 142 개풍빌딩 B101호,5.0,
광명 호텔,CS프리미어호텔서울,서울 관악구 남부순환로 1458,3.5,https://www.instagram.com/accounts/login/?next=https%3A%2F%2Fwww.instagram.com%2Fcspremier_seoul%2F&is_from_rle
광명 호텔,코트야드 바이메리어트 서울타임스퀘어,서울 영등포구 영중로 15,3.8,https://www.marriott.com/ko/hotels/selcy-courtyard-seoul-times-square/overview/
광명 호텔,페어필드바이메리어트 서울,서울 영등포구 경인로 870 영등포J&S,,https://www.marriott.com/en-us/hotels/selfi-fairfield-seoul/overview/
광명 호텔,베니키아호텔카카오,서울 영등포구 경인로108길 15,2.3,https://www.hotelsouthkorea.com/benikea-hotel-kakao/
광명 호텔,메리어트 이그제큐티브아파트먼트 서울,서울 영등포구 여의대로 8,3.0,https://www.marriott.co.kr/hotels/travel/seler-yeouido-park-centre-seoul-marriott-executive-apartments/
광명 호텔,URBAN HOTEL&GOLF,서울 관악구 난곡로64길 5,4.2,https://booking.naver.com/booking/3/bizes/546481
광명 호텔,CCV서비스레지텔,서울 구로구 신도림로19길 124,0.0,
광명 호텔,도미니크호텔,서울 관악구 남부순환로 1501,3.9,https://dominiquehotel.jalib.site/
광명 호텔,서울해군호텔,서울 영등포구 가마산로 540,4.7,
광명 호텔,GMS호텔,서울 영등포구 경인로 867,3.5,
광명 호텔,뜨랑블루호텔,서울 관악구 신림동7길 52,3.0,https://trangbluehotel.jalib.site/
광명 호텔,호텔브릿지,서울 영등포구 영등포로 9,2.8,http://hotelbridge.co.kr/
광명 호텔,WD호텔,"서울 관악구 신림로 349 1, 5~18층",3.7,
광명 호텔,공군호텔,서울 영등포구 여의대방로 259,4.2,https://www.airforcehotel.co.kr/
광명 호텔,CL호텔,서울 영등포구 영신로32길 8,2.2,
광명 호텔,핸드픽트호텔,서울 동작구 상도로 120,3.3,http://handpicked.kr/
광명 호텔,노바루스관광호텔,서울 영등포구 선유로 88-6 1층,4.0,http://www.xn--zb0b8a73vvtj85db9lc1zfwi.com/
광명 호텔,호텔드어반,서울 강서구 곰달래로24길 35,3.1,
광명 호텔,VIP,서울 영등포구 경인로114나길 6 VIP빌딩,4.5,
광명 호텔,호텔아로조,서울 영등포구 양산로1길 3-1,4.5,
광명 호텔,샤또호텔,서울 영등포구 선유로 100,2.4,
광명 호텔,페어몬트 앰배서더 서울,서울 영등포구 여의대로 108,3.9,https://fairmont-seoul.com/
광명 호텔,글래드 여의도,서울 영등포구 의사당대로 16,3.6,https://www.glad-hotels.com/yeouido/index.do
광명 호텔,호텔N,서울 강서구 곰달래로24길 36,1.0,
광명 호텔,호텔로프트,서울 영등포구 선유동2로 72,4.5,http://lofthotel.maru.net/
광명 호텔,K2 HOTEL,서울 관악구 신림로64길 29,2.0,
광명 호텔,호텔 아벤트리 여의도,서울 영등포구 버드나루로 90,4.0,https://www.hotelskorean.com/hotel-aventree-yeouido
광명 호텔,셀립여의,서울 영등포구 영등포로 389,3.4,
광명 호텔,데쟈트 호텔(Des Arts),서울 영등포구 영중로4길 9-6,3.0,
광명 호텔,에스호텔,경기 부천시 원미구 원미로17번길 28,4.0,https://shotel7.modoo.at/
광명 호텔,유니언호텔,서울 영등포구 양평로 136 유니언호텔,3.0,https://unionhotel.co.kr/
광명 호텔,콘래드 서울,서울 영등포구 국제금융로 10,3.7,https://www.conradseoul.co.kr/hub/ko/main.do
광명 호텔,호텔볼콤마,서울 강서구 강서로5가길 25,3.5,
광명 호텔,오라호텔,서울 영등포구 영등포로 264-11,0.0,
광명 호텔,켄싱턴호텔 여의도,서울 영등포구 국회대로76길 16,,https://www.kensington.co.kr/hyd
광명 호텔,코보스호텔,서울 영등포구 국회대로72길 9,3.1,http://www.koboshotel.com/html/main.asp
광명 호텔,캠프관광호텔,"서울 양천구 가로공원로 167 지하1층,1~10층",4.8,
광명 호텔,라다호텔,서울 영등포구 여의대방로67길 18 스타빌딩 6층,3.2,https://blog.naver.com/pradahotel
광명 호텔,컴포트인 여의도,서울 영등포구 국회대로72길 7,4.0,http://www.comfortinnyeouido.co.kr/
광명 호텔,호텔아로조2,서울 영등포구 양산로1길 5,0.0,
광명 호텔,골든서울호텔,서울 강서구 공항대로 663,3.7,http://www.goldenseoul.com/
광명 호텔,라스베가스호텔,서울 강서구 강서로5가길 24,0.0,
광명 호텔,나이아가라호텔,서울 강서구 양천로 743,3.9,http://www.hotelniagara.co.kr/homepage/KOR/index/index
광명 호텔,54번가호텔,서울 관악구 관악로17길 19,2.6,https://54hotel.jalib.site/
광명 호텔,위브스위트 선유파크사이드,서울 영등포구 양평로 132,0.0,https://www.weave-living.com/en
광명 호텔,내가본세상,서울 영등포구 국회대로74길 20 맨하탄21 6층 606호,0.0,
광명 호텔,W호텔,경기 광명시 범안로 988,4.0,http://www.whotel-gm.com/
광명 호텔,골든리버호텔,경기 광명시 소하로92번길 6-9 뉴골드프라자 4~7층,2.4,https://www.hotelsouthkorea.com/golden-river-hotel/
광명 호텔,호텔노블레스,경기 광명시 범안로 1006,4.0,
광명 호텔,루체호텔,경기 광명시 오리로854번길 16-15,2.0,https://lucehotel.modoo.at/
광명 호텔,G7호텔,경기 광명시 오리로984번길 43-1,2.0,https://gmg7motel.modoo.at/
광명 호텔,쉘부르호텔,경기 광명시 범안로 990,5.0,
광명 호텔,테이크호텔 에이치가든,경기 광명시 신기로 22 테이크호텔 4층,4.3,http://www.hgarden.co.kr/
광명 호텔,발트호텔,경기 광명시 철산로30번길 20 5층,5.0,
광명 호텔,호텔블랑,경기 광명시 디지털로 17 4층,3.7,
광명 호텔,라까사호텔 광명 라까사키친,경기 광명시 일직로12번길 22,3.6,https://app.catchtable.co.kr/ct/shop/hotel_lacasa
광명 호텔,삼정뷰호텔,경기 광명시 오리로854번길 16,1.0,
광명 호텔,뷰티호텔,경기 광명시 광명역로 28,0.0,
광명 호텔,호텔세탁,경기 광명시 양달로 7,1.0,
광명 호텔,주식회사 엠시에타호텔광명,경기 광명시 신기로 22,0.0,
광명 호텔,테이크호텔 EBS미디어스튜디오,경기 광명시 신기로 22 8층,0.0,https://www.instagram.com/accounts/login/?next=https%3A%2F%2Fwww.instagram.com%2Ftake_ebs_media_studio%2F&is_from_rle
광명 호텔,호텔멘토,경기 광명시 범안로 1056 골든힐빌딩 409호,0.0,
광명 호텔,여우호텔식맛사지,경기 광명시 오리로854번길 8,0.0,
광명 호텔,뷰티호텔,서울 구로구 개봉로1나길 52 1층,0.0,
광명 호텔,뷰티호텔,서울 구로구 개봉로3길 55,0.0,
광명 호텔,호텔웨어,서울 금천구 가산디지털1로 168 우림라이온스밸리 A동 608호,0.0,https://hotelwear1.imweb.me/
광명 호텔,H호텔,서울 금천구 디지털로11길 18,,https://gshhotel.modoo.at/
광명 호텔,마리호텔,서울 금천구 디지털로11길 12,2.8,
광명 호텔,리치호텔,서울 금천구 가산로 153,1.7,https://gasanrichmotel.modoo.at/
광명 호텔,쎄비앙호텔,서울 구로구 경인로22길 37,3.7,https://cebienhotel.modoo.at/
광명 호텔,더링크호텔 서울 웨딩,서울 구로구 경인로 610,3.9,http://www.thelinkseoul.com/
광명 호텔,엠디호텔 독산점,서울 금천구 시흥대로 315,3.0,https://www.mdhoteldoksan.com/page/main.php
광명 호텔,라마다서울신도림호텔 웨딩,서울 구로구 경인로 624,3.8,http://www.ramadasindorim.com/
광명 호텔,미니멀시즌호텔,서울 금천구 시흥대로141길 84,3.0,
광명 호텔,3S호텔,서울 금천구 시흥대로 353,4.4,
광명 호텔,호텔오아시스,서울 구로구 디지털로32길 97-10,2.1,
광명 호텔,노벰버호텔,서울 구로구 공원로6가길 20,5.0,https://www.yanolja.com/motel/1000099892
광명 호텔,호텔소호,서울 구로구 디지털로32다길 20,3.0,
광명 호텔,롯테시티호텔 구로,서울 구로구 디지털로 300,0.0,
광명 호텔,노트호텔,서울 구로구 새말로18길 150,3.0,
광명 호텔,호텔업,서울 금천구 가산디지털1로 5 대륭테크노타운20차 18층 1807호,0.0,https://www.hotelup.com/
광명 호텔,황실호텔마사지,서울 구로구 시흥대로 577 지하1층,0.0,
광명 호텔,브론즈호텔,서울 구로구 공원로6가길 16,5.0,
광명 호텔,호텔 어바웃,서울 구로구 가마산로27길 11-19,0.0,
광명 호텔,호텔엔조이,서울 구로구 디지털로26길 61 에이스하이엔드타워2차 18층,0.0,https://www.hotelnjoy.com/svc/main/
광명 호텔,1862.스타즈호텔독산 빌딩 앞,서울 금천구 시흥대로 315,0.0,
광명 호텔,롯데시티호텔구로 테라스,서울 구로구 디지털로 300 3층,0.0,https://www.lottehotel.com/guro-city/ko/dining/the-terrace-bar.html
광명 호텔,한국관광호텔유기산업,서울 금천구 시흥대로88길 21,0.0,
광명 호텔,호텔캐스룬,서울 영등포구 대림로 84,0.0,
광명 호텔,해군호텔 W웨딩홀,서울 영등포구 가마산로 538,4.1,https://navywedding.co.kr/
광명 호텔,버닝호텔,서울 양천구 신정로11길 20 동일하이빌 206동 2501호,0.0,https://www.theburninghotel.com/
광명 호텔,호텔트리플8,서울 금천구 시흥대로56길 15,3.8,
광명 호텔,아도호텔,서울 양천구 오목로 153,4.5,https://blog.naver.com/adohotel
광명 호텔,호텔뮤직,서울 금천구 시흥대로52길 70,0.0,
광명 호텔,호텔 아하바,서울 영등포구 영중로8길 7,1.8,https://www.hotelskorean.com/hotel-ahava/
광명 호텔,라이프스타일호텔,서울 영등포구 경인로108길 8,1.9,http://www.lifestylehotel.co.kr/
광명 호텔,부띠크 호텔SB,서울 영등포구 영중로4길 36,1.3,https://www.hotelsouthkorea.com/boutique-hotel-sb-yeouido/
광명 호텔,호텔아이리스,서울 영등포구 영등포로42길 8-5,4.3,https://www.hotelsouthkorea.com/yeongdeungpo-iris
광명 호텔,호텔볼,서울 강서구 강서로5나길 30,3.0,https://hotelvoll.modoo.at/
광명 호텔,호텔초콜렛,서울 강서구 강서로5가길 24,2.3,https://hgchocolate.modoo.at/
광명 호텔,호텔데쟈트,서울 영등포구 영중로4길 9-6,4.0,https://www.instagram.com/accounts/login/?next=https%3A%2F%2Fwww.instagram.com%2Fdesarts_hotel%2F&is_from_rle
광명 호텔,공군호텔 웨딩홀,서울 영등포구 여의대방로 259,3.7,http://www.skyconventioncenter.co.kr/
광명 호텔,신트라호텔,서울 관악구 신림로66길 16,2.3,https://www.sintrahotel.kr/
광명 호텔,BLVD 오라비지니스호텔,서울 영등포구 영등포로 264-11,2.9,https://orahotel.modoo.at/
광명 호텔,러쉬호텔,서울 강서구 강서로5나길 10-3,0.0,https://lushhotel.modoo.at/
광명 호텔,더호텔 문,서울 영등포구 영중로8길 13,3.4,
광명 호텔,썸호텔,경기 부천시 소사구 부광로7번길 15,1.0,
광명 호텔,호텔포도,서울 관악구 신림로64길 16,1.4,https://www.hotelsouthkorea.com/sillim-podo/
광명 호텔,호텔 나이스타임,서울 관악구 신림로64길 28,4.5,https://nicetimehotel.modoo.at/
광명 호텔,앨리스호텔,서울 영등포구 도신로 95,2.5,
광명 호텔,호텔리더스,서울 영등포구 영중로10길 45,2.3,https://www.hotelskorean.com/hotel-leaders/
광명 호텔,자딘호텔,서울 영등포구 영신로34길 33,3.0,
광명 호텔,모카호텔,서울 양천구 목동로 229 1~5층,0.0,
광명 호텔,루쏘호텔,서울 관악구 신림로64길 38,1.9,
광명 호텔,그곳에호텔,서울 영등포구 영중로4길 15-5,1.8,
광명 호텔,루엔호텔,경기 부천시 소사구 부광로7번길 17,0.0,
광명 호텔,페트라호텔,서울 영등포구 경인로 879,2.2,
광명 호텔,U호텔,서울 관악구 신림동1길 26-7,5.0,
광명 호텔,호텔CC,서울 영등포구 영중로6길 23-6 1층,2.1,https://yeongdeungpohotelcc.modoo.at/
광명 호텔,호텔엔,서울 강서구 곰달래로 76,3.4,https://haanne.modoo.at/
광명 호텔,CL호텔,서울 강서구 강서로5나길 136,3.0,
광명 호텔,호텔하라스,서울 영등포구 영중로4길 15-6,3.3,
광명 호텔,바모스호텔,서울 영등포구 영등포로47길 8-1,2.3,
광명 호텔,뉴욕호텔,서울 영등포구 영등포로46길 7-5,2.4,
광명 호텔,호텔갤럭시,서울 영등포구 영등포로46길 13-1,3.8,
광명 호텔,호텔코코,서울 영등포구 영신로38길 22,2.3,
광명 호텔,헬로호텔,서울 영등포구 영등포로42길 21-7,1.0,
광명 호텔,코트야드바이 메리어트호텔 모모바,서울 영등포구 영중로 15 5층,3.5,https://www.marriott.com/en-us/hotels/selcy-courtyard-seoul-times-square/overview/?EM=DNM_COURTYARDSEOUL.COM
광명 호텔,호텔르네상스,서울 관악구 신림로64길 12,2.8,
광명 호텔,별빛호텔별,서울 영등포구 영등포로46길 7-6,4.5,
광명 호텔,페이지나인호텔,서울 관악구 신림로66길 30,2.8,
광명 호텔,릴호텔,서울 관악구 봉천로12길 36,2.8,
광명 호텔,호텔홈,서울 영등포구 영중로10길 32-2,0.0,
광명 호텔,호텔더휴,서울 영등포구 영등포로46길 7-8,3.5,
광명 호텔,호텔베이직,서울 영등포구 영중로4길 15-7,5.0,
광명 호텔,뉴신라호텔,서울 영등포구 영중로10길 10,1.0,
광명 호텔,에프호텔,서울 영등포구 경인로108길 8,1.0,https://www.hotelsouthkorea.com/f-hotel-yeongdeungpo/
광명 호텔,호텔엘리스,서울 영등포구 도신로 95,0.0,
광명 호텔,별빛호텔빛,서울 영등포구 영등포로46길 7-8,0.0,
광명 호텔,테르모호텔,서울 강서구 강서로5가길 17,0.0,
광명 호텔,호텔벤,경기 부천시 원미구 부일로506번길 30,3.0,https://hotelben.modoo.at/
광명 호텔,MS호텔,서울 강서구 곰달래로24길 30,0.0,
광명 호텔,I호텔,서울 영등포구 경인로108길 10,1.0,https://ydplifestylei.modoo.at/
광명 호텔,프로방스호텔,서울 영등포구 영등포로46길 7-6,3.6,
광명 호텔,심도 호텔 앤 스파 신림역점,서울 관악구 남부순환로181길 7,0.0,
광명 호텔,부천 노블레스호텔,경기 부천시 원미구 부천로10번길 49,3.6,http://noblessehotel.kr/
광명 호텔,핸드픽트호텔 나루,서울 동작구 상도로 120,3.1,http://handpicked.kr/
광명 호텔,서울해군호텔앞교차로,서울 영등포구 신길동,0.0,
광명 호텔,호텔워크,서울 강서구 곰달래로 118,0.0,
광명 호텔,호텔씨앤,경기 부천시 원미구 원미로17번길 21,0.0,
광명 호텔,오슬로호텔,서울 강서구 월정로 118,0.0,
광명 호텔,시애틀호텔 부천점,경기 부천시 원미구 부천로2번길 33,3.7,https://bcseattlehotel.modoo.at/
광명 호텔,호텔캣츠,경기 부천시 원미구 원미로17번길 36,2.0,https://hotelcats.modoo.at/
광명 호텔,부띠끄호텔K,서울 영등포구 양평로 49,1.2,
광명 호텔,호텔멍루나,서울 관악구 남부순환로180길 6,1.0,
광명 호텔,호텔버닝,경기 부천시 원미구 원미로13번길 42,0.0,
광명 호텔,호텔AROZO,서울 영등포구 양산로1길 3-1,0.0,
광명 호텔,골든호텔관리법인,서울 양천구 목동로19길 11,0.0,
광명 호텔,켄싱턴호텔 여의도 브로드웨이,서울 영등포구 국회대로76길 16,4.3,https://www.kensington.co.kr/
광명 호텔,호텔에이전시,서울 영등포구 영등포로 106 대우메종리브르 102동 219호,0.0,
광명 호텔,뉴테르모호텔,서울 강서구 곰달래로24길 40,0.0,
광명 호텔,호텔리버트리,서울 영등포구 선유로54길 1,0.0,https://hotelrivertree.modoo.at/
광명 호텔,호텔베스트원1,서울 강서구 강서로7길 129,0.0,
광명 호텔,마리호텔,경기 부천시 오정구 소사로776번길 48,0.0,
광명 호텔,공군호텔 SKY컨벤션센터 스카이라운지,서울 영등포구 여의대방로 259,0.0,
광명 호텔,호텔체리쉬,경기 부천시 원미구 부천로6번길 29,3.7,
광명 호텔,에이치엔아이호텔 김프로,서울 영등포구 신길로 215,0.0,
광명 호텔,냥이호텔러브캣,서울 강서구 곰달래로 268 4층,0.0,https://lovecathotel.modoo.at/
광명 호텔,호텔버닝(HOTEL BURNING),경기 부천시 원미구 원미로13번길 42,5.0,
광명 호텔,호텔아이,경기 부천시 원미구 부천로1번길 34,1.6,
광명 호텔,리베라호텔,경기 부천시 오정구 소사로748번길 21,2.0,
광명 호텔,호텔테마,서울 강서구 화곡로 176-16,4.0,
광명 호텔,호텔르네,경기 부천시 오정구 원종로79번길 17,5.0,
광명 호텔,호텔베라노,서울 관악구 신림로29길 3-20,0.0,
광명 호텔,호텔나른,경기 부천시 원미구 원미로13번길 33,0.0,
광명 호텔,알브호텔,경기 부천시 오정구 소사로776번길 64,1.0,
광명 호텔,자자호텔,경기 부천시 원미구 부천로29번길 22,1.9,
광명 호텔,호텔로프트 브릭스,서울 영등포구 선유동2로 72,3.5,
광명 호텔,켄싱턴호텔 여의도 뉴욕뉴욕,서울 영등포구 국회대로76길 16 1층,4.6,https://www.kensington.co.kr/hyd/dining/detail?idx=29
광명 호텔,돈키호텔2,경기 부천시 원미구 부천로6번길 58,1.0,
광명 호텔,멍뭉호텔,경기 시흥시 은계중앙로 247,0.0,
광명 호텔,A호텔,서울 강서구 까치산로14길 5,3.0,
광명 호텔,호텔노블,서울 동작구 장승배기로22길 6,3.0,https://www.hotelsouthkorea.com/hotel-noble-noryangjin/
광명 호텔,태국방콕샹그릴라호텔,서울 영등포구 의사당대로 3,0.0,
광명 호텔,유니온호텔,서울 강서구 화곡로42길 14,3.7,
광명 호텔,돈키호텔,경기 부천시 오정구 원종로65번길 19,3.0,
광명 호텔,호텔3&4,경기 부천시 오정구 원종로65번길 14,5.0,
광명 호텔,하운드호텔 서울대입구점,서울 관악구 관악로15길 17,3.9,
광명 호텔,ZIP호텔,서울 관악구 남부순환로224길 32,3.4,
광명 호텔,돈키호텔,경기 부천시 원미구 부일로432번길 36,3.0,https://bcdonkey1.modoo.at/
광명 호텔,호텔키노,경기 부천시 원미구 신흥로26번길 45,1.7,
광명 호텔,켄싱턴호텔 여의도 샹하오,서울 영등포구 국회대로76길 16 2층,4.0,https://www.kensington.co.kr/
광명 호텔,호텔 린,서울 관악구 남부순환로220길 34,1.4,
광명 호텔,호텔스클리닝컴퍼니,경기 부천시 원미구 부흥로433번길 12-2 2층,0.0,
광명 호텔,스카이호텔,경기 시흥시 비둘기공원5길 18,1.0,
광명 호텔,주안야자호텔,경기 부천시 원미구 부천로 231,0.0,
광명 호텔,호텔담,서울 관악구 남부순환로226길 24,2.8,
광명 호텔,한화호텔앤드리조트 FKI타워점,서울 영등포구 여의대로 24,0.0,
광명 호텔,폭스호텔,서울 관악구 관악로 208-4,2.5,https://fox1.modoo.at/
광명 호텔,놀러오개호텔,서울 강서구 까치산로 33,0.0,
광명 호텔,켄싱턴호텔 여의도 더뷰라운지,서울 영등포구 국회대로76길 16 14층,5.0,https://www.kensington.co.kr/
광명 호텔,시엘호텔,경기 부천시 원미구 부천로29번길 26,0.0,
광명 호텔,오렌지호텔,경기 부천시 원미구 신흥로22번길 44,1.0,
광명 호텔,호텔링크,서울 동작구 장승배기로 153-3,0.0,https://www.hotellink.co.kr/main/
광명 호텔,호텔리쟈드,경기 부천시 원미구 부일로 465-2,0.0,
광명 호텔,켄싱턴호텔 여의도 웨딩,서울 영등포구 국회대로76길 16 15층,,https://www.kensington.co.kr/
광명 호텔,CL 호텔,경기 부천시 원미구 부천로29번길 26,0.0,
광명 호텔,3761. 나이아가라관광호텔,서울 강서구 염창동 259-2,0.0,
광명 호텔,켄싱턴호텔 여의도 양츠앤메츠,서울 영등포구 국회대로76길 16 2층,0.0,
광명 호텔,해외출장호텔 (나),서울 영등포구 의사당대로 3,0.0,
광명 호텔,해외출장호텔 (라),서울 영등포구 의사당대로 3,0.0,
광명 호텔,해외출장호텔 (가),서울 영등포구 의사당대로 3,0.0,
광명 호텔,해외출장호텔(모비스),서울 영등포구 의사당대로 3,0.0,
광명 호텔,해외출장호텔 (마),서울 영등포구 의사당대로 3,0.0,
광명 호텔,켄싱턴호텔 여의도 ELF라운지,서울 영등포구 국회대로76길 16 14층,0.0,
광명 호텔,피자인 롯데호텔최우수 요리상수상,경기 부천시 원미구 부천로197번길 51,0.0,
광명 호텔,파크원호텔매니지먼트,서울 영등포구 여의대로 108,0.0,https://fairmont-seoul.com/
광명 호텔,미디호텔 로비라운지,서울 강서구 양천로 743,0.0,
광명 호텔,에이티호텔 매니지먼트,서울 영등포구 여의동로 213,0.0,https://www.athotels.com/
광명 호텔,스타벅스 구로호텔점,서울 구로구 디지털로32길 72 구로호텔 1층,3.9,https://www.starbucks.co.kr/index.do
광명 호텔,그린존 롯데시티호텔 구로,서울 구로구 디지털로 300,0.0,
광명 호텔,데이앤데이 신도림점,서울 구로구 새말로 97 테크노마트 지하2층 이마트 신도림점,0.0,
광명 호텔,라이프스타일S,서울 강서구 곰달래로 108,2.0,https://hwagoks.modoo.at/
광명 호텔,더메이,서울 관악구 신림로64길 42,1.7,
광명 호텔,라벤다,서울 관악구 봉천로 284,,
광명 호텔,제스트 콘래드서울점,서울 영등포구 국제금융로 10 2층,,https://www.conradseoul.co.kr/hub/ko/dine/zest.do?packageBadge=PDB_05
광명 호텔,에스아이에프씨타워투디벨로프먼트,서울 영등포구 국제금융로 10,0.0,
광명 호텔,소설스미스,서울 강서구 까치산로15길 25,1.0,
광명 호텔,좋은습관 PT STUDIO 여의도글래드호텔,서울 영등포구 의사당대로 16 글래드호텔 2층,5.0,
광명 호텔,포유,경기 시흥시 비둘기공원4길 21,1.0,
광명 호텔,파크원플라워 페어몬트 앰배서더 서울 지점,서울 영등포구 여의대로 108 지하1층,1.0,https://blog.naver.com/parc1flower
광명 호텔,에이치앤아이피,서울 영등포구 국회대로72길 22 가든빌딩 3층 303호,0.0,https://www.hnip.kr/
광명 호텔,양스앤메츠,서울 영등포구 국회대로76길 16 2층,0.0,
광명 컨벤션,광명무역센터컨벤션,경기 광명시 일직로 72 광명무역센터 B동 3층,4.3,http://www.gtcwed.co.kr/
광명 컨벤션,광명역사컨벤션웨딩홀,경기 광명시 광명역로 21 지하1층,3.6,https://www.gwed.co.kr/
광명 컨벤션,지타워컨벤션,서울 구로구 디지털로26길 38 지타워몰 2층,4.3,http://www.g-towerconvention.kr/
광명 컨벤션,엘컨벤션,서울 구로구 디지털로 300 지밸리비즈플라자,3.3,
광명 컨벤션,아텍스컨벤션 지사,서울 금천구 벚꽃로 142,0.0,
광명 컨벤션,JK아트컨벤션,서울 영등포구 문래로 164 SK리더스뷰 A동 4층,,http://www.jkart.co.kr/
광명 컨벤션,MJ컨벤션,경기 부천시 소사구 경인로 386 1층,4.3,http://mjcon.co.kr/
광명 컨벤션,더컨벤션 영등포점,서울 영등포구 국회대로38길 2,2.9,
광명 컨벤션,더에스비웨딩컨벤션,서울 동작구 보라매로5길 15 전문건설회관 3층,4.4,http://www.felicityconvention.com/build/main.do
광명 컨벤션,여의도웨딩컨벤션,서울 영등포구 여의대로 14 KT여의도사옥 1~3층,3.2,http://www.ywedding.co.kr/
광명 컨벤션,농심컨벤션웨딩홀,서울 동작구 여의대방로 112,0.0,
광명 컨벤션,그랜드컨벤션센터,서울 영등포구 양평로 58,3.0,http://www.grandconvention.co.kr/
광명 컨벤션,파티엔블리스컨벤션웨딩홀,경기 부천시 소사구 경인로 527,0.0,
광명 컨벤션,JK아트컨벤션 아트리움홀,서울 영등포구 문래로 164 SK리더스뷰 A동 4층,0.0,http://www.jkart.co.kr/
광명 컨벤션,W컨벤션웨딩부페,경기 부천시 소사구 경인로 519,0.0,
광명 컨벤션,공군호텔 SKY컨벤션센터 스카이라운지,서울 영등포구 여의대방로 259,0.0,
광명 컨벤션,268. 그랜드컨벤션센터 앞,서울 영등포구 당산동5가 33-4,0.0,https://www.bikeseoul.com/
광명 컨벤션,(주)제니컨벤션,서울 영등포구 국제금융로6길 33,0.0,
광명 컨벤션,세종컨벤션서비스,서울 영등포구 여의대방로65길 17 서린빌딩 510호,0.0,
광명 컨벤션,뉴월드컨벤션웨딩뷔페,경기 부천시 원미구 길주로 351,0.0,
광명 컨벤션,그랜드컨벤션센터,서울 영등포구 양평로 58,3.0,http://www.grandconvention.co.kr/
광명 컨벤션,파티엔블리스컨벤션웨딩홀,경기 부천시 소사구 경인로 527,0.0,
광명 컨벤션,JK아트컨벤션 아트리움홀,서울 영등포구 문래로 164 SK리더스뷰 A동 4층,0.0,http://www.jkart.co.kr/
광명 컨벤션,W컨벤션웨딩부페,경기 부천시 소사구 경인로 519,0.0,
광명 컨벤션,공군호텔 SKY컨벤션센터 스카이라운지,서울 영등포구 여의대방로 259,0.0,
광명 컨벤션,268. 그랜드컨벤션센터 앞,서울 영등포구 당산동5가 33-4,0.0,https://www.bikeseoul.com/
광명 컨벤션,(주)제니컨벤션,서울 영등포구 국제금융로6길 33,0.0,
광명 컨벤션,세종컨벤션서비스,서울 영등포구 여의대방로65길 17 서린빌딩 510호,0.0,
광명 컨벤션,뉴월드컨벤션웨딩뷔페,경기 부천시 원미구 길주로 351,0.0,
광명 컨벤션,반 고흐 더 이머시브,경기 광명시 일직로 43 광명 GIDC A동 지하2층 컨벤션,1.3,https://exhibitionhub.co.kr/
광명 컨벤션,루다,경기 광명시 일직로 72 광명무역센터컨벤션 B동 1층 115호,5.0,https://www.instagram.com/accounts/login/?next=https%3A%2F%2Fwww.instagram.com%2Fruda_izakaya%2F&is_from_rle
광명 컨벤션,한국금형기술사회,경기 광명시 일직로 72 광명무역센터컨벤션 A동 1721호,0.0,http://www.moldpe.or.kr/
광명 컨벤션,웨딩그룹위더스 영등포,서울 영등포구 영중로 55,,http://www.withus.kr/
광명 컨벤션,호텔르네상스,서울 관악구 신림로64길 12,2.8,
광명 컨벤션,국민건강보험공단 부천남부지사,경기 부천시 소사구 경인로 386 MJ컨벤션 2층,,https://www.nhis.or.kr/nhis/index.do
광명 컨벤션,선바람한복집,경기 부천시 소사구 경인로 386 MJ컨벤션 1층,1.5,https://www.instagram.com/accounts/login/?next=https%3A%2F%2Fwww.instagram.com%2Fseonbaram_hanbok%2F&is_from_rle
광명 컨벤션,버거킹 당산역점,서울 영등포구 양평로 58 그랜드컨벤션센터 1층,2.7,https://www.burgerking.co.kr/#/home
광명 컨벤션,트레져스아이스하키,서울 영등포구 여의서로 160 서울마리나컨벤션센터 2층 더로드아이스링크,0.0,https://blog.naver.com/treasures_team
광명 연수원,한국자동차산업교육원,경기 광명시 철산로 11,0.0,
광명 연수원,한국인재경영교육원 서울센터,서울 금천구 가산디지털2로 98 롯데IT캐슬 1동 412호,0.0,
광명 연수원,현대건설기술교육원,서울 영등포구 도림천로19길 12-2 현대건설(주)기술교육원,3.0,https://edu.hdec.co.kr/web/default.aspx
광명 연수원,T셀파 원격교육연수원,서울 금천구 가산로9길 54,0.0,https://edu.tsherpa.co.kr/
광명 연수원,세덴연수원,서울 금천구 벚꽃로10길 55,0.0,
광명 연수원,금천진로진학지원센터 시흥센터,서울 금천구 시흥대로73길 67 505~507호,0.0,https://www.edugeumcheon.or.kr/
광명 연수원,에버리치 홀딩스,서울 금천구 시흥대로 251,0.0,
광명 연수원,키즈콩콩 이벤트,경기 부천시 소사구 양지로 20,0.0,
광명 연수원,금융투자교육원,서울 영등포구 여의나루로 67-8,2.5,https://www.kifin.or.kr/common/greeting/main.do
광명 연수원,한국교원연수원,서울 영등포구 영신로 220 KNK디지털타워 906호,0.0,https://www.hstudy.co.kr/
광명 연수원,한국경영인증원 핵심역량연수센터,서울 영등포구 경인로 775 에이스하이테크시티 1동 212호,0.0,https://www.ikmr.co.kr/
광명 연수원,보라매공원 슬기동,서울 동작구 여의대방로20길 61,0.0,
광명 연수원,HRD한국기업교육원,서울 영등포구 양산로19길 8,0.0,
광명 연수원,KMA한국능률협회 여의도연수센터,서울 영등포구 의사당대로 22 이룸센터 10층,0.0,https://www.kma.or.kr/kr/main.do
광명 연수원,대교HRD센터,경기 시흥시 소래산길 28,3.3,https://www.facebook.com/login/?next=https%3A%2F%2Fwww.facebook.com%2Fdaekyohrdcenter0313121211%2F
광명 연수원,대한능력개발원,서울 양천구 목동중앙본로7가길 73-17 302,0.0,
광명 연수원,예라고,서울 영등포구 국제금융로2길 37 S-Trenue,0.0,http://www.yerago.co.kr/construction/index.html
광명 연수원,다숲,서울 관악구 관악로 140 3층,0.0,
광명 연수원,기공합기도연수원,서울 동작구 노량진로6길 6-13,0.0,
광명 연수원,깜인메이드,서울 영등포구 여의대방로65길 12 에리트빌딩 1006호,0.0,
광명 연수원,이김프로덕션,서울 영등포구 국제금융로 70,0.0,
광명 연수원,간호교육연수원,서울 금천구 가산디지털2로 184,0.0,https://www.ganhohak.co.kr/
광명 연수원,한국경영인재연수원,서울 금천구 가산디지털1로 168 우림라이온스밸리 C동 207호,0.0,https://www.mafiaedu.com/
광명 연수원,서울자동차연수원,서울 구로구 가마산로 265,0.0,
광명 연수원,해피잡 기업연수원,서울 구로구 디지털로 285 에이스트윈타워 1차 4층 401호,0.0,
광명 연수원,병무연수원,서울 영등포구 여의대방로43길 13,,
광명 연수원,병무연수원 개방화장실,서울 영등포구 여의대방로43길 13,0.0,
광명 연수원,한얼합기도 실전권도,경기 광명시 기아로6번길 18 진성빌딩 3층,0.0,
광명 연수원,한국산업기술협회,서울 금천구 범안로 1130 디지털엠파이어빌딩 14층 1411호,5.0,
광명 연수원,대한활력도협회 서울지부연수원,서울 금천구 시흥대로47길 28,0.0,
광명 연수원,국회사무처 의정연수원,서울 영등포구 의사당대로 1,,
광명 연수원,현대자동차남부사업소 연수원,서울 동작구 노량진로 53,3.0,
광명 연수원,국민안전 교육연수원 시흥지회,경기 시흥시 비둘기공원7길 39 트윈프라자 A동 505호,0.0,
안산 호텔,호텔아우라,경기 안산시 상록구 양지편로 10,3.3,https://www.hotelaura.co.kr/main/main.php
안산 호텔,호텔스퀘어 안산,경기 안산시 단원구 동산로 81,3.1,http://hotelsquare.co.kr/
안산 호텔,엠블던호텔 웨딩&컨벤션,경기 안산시 단원구 중앙대로 869,4.0,http://embledonhotel.com/
안산 호텔,워커스 호텔 안산 by 아늑,경기 안산시 상록구 성호로1길 12-4,4.6,https://contentshotel.com/workers-ansan
안산 호텔,호텔클로버,경기 안산시 상록구 양지편로 22 2~9층,4.3,https://hotelclover.modoo.at/
안산 호텔,서원관광호텔,경기 안산시 상록구 서암로 8 1층,4.0,https://seowonhotel.modoo.at/
안산 호텔,호텔 라성,경기 안산시 단원구 화랑로 107,4.3,
안산 호텔,호텔월,경기 안산시 단원구 선부광장로 85,3.5,https://ansanwolhotel.modoo.at/
안산 호텔,뉴라성호텔,경기 안산시 상록구 상록수로 34,2.0,
안산 호텔,3S호텔,경기 안산시 상록구 서암로2길 11 2~5층,3.6,http://www.3shotel.com/
안산 호텔,더그레이호텔,"경기 안산시 상록구 본삼로 21 상록빌딩 4,5층",3.3,https://thegrayansan.modoo.at/
안산 호텔,더하운드 반달섬 LR2,경기 안산시 단원구 엠티브이17로 23 7-12층,5.0,
안산 호텔,안산 이화,경기 안산시 단원구 고잔1길 54,3.0,https://hoteliwha.modoo.at/
안산 호텔,안산 피노키오,경기 안산시 상록구 광덕산2로 18,0.0,
안산 호텔,샹그릴라,경기 안산시 상록구 서암로 8,0.0,
안산 호텔,벨라지오호텔,경기 시흥시 연성로13번길 4,3.7,https://bellagiohotel.modoo.at/
안산 호텔,대부도호텔마리나,경기 안산시 단원구 사근여길 5,4.6,https://hoteldaebudo.kr/
안산 호텔,에비뉴나인호텔,경기 안산시 단원구 광덕2로 186-11,0.0,
안산 호텔,바인호텔,경기 안산시 상록구 상록수로 22,4.0,http://www.hotelvine.net/
안산 호텔,호텔박스,경기 안산시 단원구 광덕2로 164-10 1~5층,5.0,https://boxhotel.modoo.at/
안산 호텔,헤르메스호텔,경기 안산시 상록구 양지편1길 9,4.4,https://ashermeshotel.modoo.at/
안산 호텔,에스엘부티크호텔,경기 안산시 상록구 성호로1길 4-5,4.9,https://slboutique.modoo.at/
안산 호텔,퀸즈호텔,경기 안산시 상록구 용신로 356 1~6층,4.3,
안산 호텔,호텔버스,경기 안산시 단원구 선부광장1로 14 광원빌딩 5층,3.0,https://bushotel.modoo.at/
안산 호텔,마리호텔,경기 안산시 상록구 선진4길 29 4~6층,4.3,https://asmarihotel.modoo.at/
안산 호텔,라성호텔단일로사거리,경기 안산시 단원구 원곡동,5.0,
안산 호텔,아이비호텔,경기 안산시 단원구 선부광장로 91,4.7,https://asivy.modoo.at/
안산 호텔,호텔727,경기 안산시 단원구 광덕2로 58-14 1~6층,2.0,https://hotel727.modoo.at/
안산 호텔,로자벨호텔,경기 안산시 단원구 원곡공원로 1 3~10층,5.0,
안산 호텔,더클래스호텔,경기 안산시 단원구 고잔1길 67 남경프라자 5층,3.0,http://theclasshotel.com/
안산 호텔,호텔캐빈,경기 안산시 단원구 안산천서로 9 우진빌딩 501호,4.0,https://www.instagram.com/accounts/login/?next=https%3A%2F%2Fwww.instagram.com%2FKevin_hotel%2F&is_from_rle
안산 호텔,나인호텔,경기 안산시 단원구 초지2로 67-13,3.0,
안산 호텔,G-7호텔,경기 안산시 상록구 원당골길 7,5.0,
안산 호텔,호텔반트 안산점,"경기 안산시 상록구 상록수로 44 상림프라자 4,5층",3.7,https://vanthotel.modoo.at/
안산 호텔,호텔비즈,경기 안산시 상록구 성호로14길 13,5.0,
안산 호텔,힙(HIP)호텔,경기 안산시 상록구 용신로 360,0.0,
안산 호텔,호텔패션,경기 안산시 상록구 선진4길 20 3~5층,4.6,
안산 호텔,비아호텔,"경기 안산시 단원구 광덕2로 185-8 3~5층 301,401호",0.0,
안산 호텔,루엠호텔,"경기 안산시 단원구 선부광장1로 182 4, 5층",4.8,
안산 호텔,오투호텔,경기 안산시 상록구 건지미길 15-24,2.8,
안산 호텔,호텔스퀘어웨딩홀,경기 안산시 단원구 동산로 81,5.0,http://hotelsquare.co.kr/
안산 호텔,호텔카카우,경기 안산시 상록구 영화6길 8,4.0,
안산 호텔,그레이디자인호텔,경기 안산시 단원구 고잔1길 49 운암프라자 5층 501호,3.7,
안산 호텔,호텔오투비,경기 안산시 단원구 돈지섬길 93,3.0,
안산 호텔,호텔탑,경기 안산시 상록구 본삼로 49 5층,5.0,
안산 호텔,나무호텔,경기 안산시 단원구 선부광장로 87,0.0,
안산 호텔,호텔월,경기 안산시 단원구 부부로 62,3.0,
안산 호텔,G9호텔,경기 안산시 상록구 호동로 62,0.0,
안산 호텔,호텔 레이블 안산중앙점,경기 안산시 단원구 고잔2길 42 6층,5.0,
안산 호텔,호텔제이,경기 안산시 단원구 고잔1길 45,2.3,
안산 호텔,센스호텔,경기 안산시 단원구 고잔1길 57 금산빌딩 6층 601호,0.0,
안산 호텔,호텔데일리,경기 안산시 단원구 고잔로 120 6층,4.5,
안산 호텔,호텔힙,경기 안산시 상록구 용신로 360,1.0,
안산 호텔,호텔돔,"경기 안산시 단원구 고잔2길 87 대성빌딩 4,5층",5.0,
안산 호텔,한국호텔관광교육재단 엠블던호텔,경기 안산시 단원구 중앙대로 869,5.0,
안산 호텔,블루호텔,경기 안산시 단원구 고잔1길 48 천혜빌딩 5층,0.0,https://hotelblue.modoo.at/
안산 호텔,호텔라임,"경기 안산시 단원구 고잔2길 73 삼일빌딩 4,5층",2.6,
안산 호텔,호텔스튜디오9,경기 안산시 단원구 선부광장로 27 신안골드리치 5층 501호,3.3,
안산 호텔,호텔이화,"경기 안산시 단원구 고잔1길 54 한일빌딩 401, 501호",0.0,
안산 호텔,헤르메스호텔,경기 안산시 상록구 반월새싹길 58,0.0,
안산 호텔,호텔도스,경기 안산시 상록구 용신로 318 1-4층,0.0,
안산 호텔,아주호텔,경기 안산시 상록구 상록수로 40 5층,0.0,
안산 호텔,호텔st25,경기 안산시 단원구 고잔1길 52 4층,3.2,https://asst.modoo.at/
안산 호텔,호텔마리,경기 안산시 단원구 고잔1길 66,1.5,
안산 호텔,서원호텔사거리,경기 안산시 상록구 사동 1212-5,0.0,
안산 호텔,지투호텔,경기 안산시 단원구 원곡공원로 9,1.0,
안산 호텔,호텔L,경기 안산시 상록구 영화6길 12 3~5층,0.0,
안산 호텔,안산호텔A,경기 안산시 단원구 고잔2길 65,0.0,
안산 호텔,호텔잠,경기 안산시 단원구 화정로 92,0.0,
안산 호텔,해오름호텔식마사지,경기 안산시 단원구 광덕1로 62,0.0,
안산 호텔,호텔로,경기 안산시 단원구 중앙대로 869,0.0,
안산 호텔,몽키호텔스튜디오,경기 안산시 단원구 한양대학로 210 2층 201호,0.0,
안산 호텔,호텔스퀘어 안산 그랜드볼룸,경기 안산시 단원구 동산로 81 2층,0.0,
안산 호텔,서원호텔 그랜드볼룸,경기 안산시 상록구 서암로 8,0.0,
안산 호텔,한국호텔 관광교육재단,경기 안산시 단원구 중앙대로 937 1층,,
안산 호텔,에이호텔,경기 안산시 단원구 고잔2길 65,0.0,
안산 호텔,호텔스퀘어라운지,경기 안산시 단원구 동산로 81 1층,0.0,
안산 호텔,뷰티호텔(BEAUTY HOTEL),경기 안산시 상록구 건건8길 2,0.0,https://hotelbeauty.modoo.at/
안산 호텔,한국호텔관광교육재단 한직훈,경기 안산시 단원구 중앙대로 937,,https://www.xn--bc6b75si5a.com/
안산 호텔,호텔정 안산선부점,경기 안산시 단원구 선부로 199 4-5층,0.0,
안산 호텔,호텔샤샤,경기 안산시 상록구 용신로 201,0.0,
안산 호텔,뉴라성관광호텔(지하 2층~지하 4층) 민방위대피소,경기 안산시 상록구 상록수로 34,,
안산 호텔,플럼호텔,경기 시흥시 평안상가4길 8-6,4.5,https://www.hotelsouthkorea.com/plum-hotel/
안산 호텔,월드호텔,경기 시흥시 평안상가5길 7-3,5.0,https://worldhote1l.modoo.at/
안산 호텔,궁호텔,경기 시흥시 평안상가1길 27,1.0,
안산 호텔,호텔에비뉴,경기 군포시 군포로 115,0.0,
안산 호텔,XYM 안산점,경기 안산시 단원구 고잔1길 63 상아프라자,3.0,http://www.xymfranchise.com/
안산 호텔,케미갑,경기 안산시 단원구 고잔2길 71,4.0,
안산 호텔,라성,경기 안산시 단원구 화랑로 107,0.0,
안산 컨벤션,AW컨벤션,경기 안산시 단원구 광덕1로 171,3.9,http://www.awcon.co.kr/
안산 컨벤션,JM컨벤션,경기 안산시 단원구 광덕4로 96 5층,3.0,https://xn--jm-o71jl9m7pu.itpage.kr/
안산 컨벤션,엠블던호텔 웨딩&컨벤션,경기 안산시 단원구 중앙대로 869,4.0,http://embledonhotel.com/
안산 컨벤션,더루체컨벤션,경기 안산시 단원구 중앙대로 829,4.3,http://www.the-luce.com/
안산 컨벤션,W이니티움 웨딩컨벤션,경기 안산시 단원구 화랑로 312,2.3,
안산 컨벤션,비케이티코리아,경기 안산시 상록구 한양대학로 55 에리카컨벤션센터 811호,0.0,
안산 컨벤션,앤텔레콤 고잔역점,"경기 안산시 단원구 광덕4로 96 제이엠 컨벤션웨딩홀 (구,디오)건물1층122호",0.0,https://ntelecomgojan.modoo.at/?link=cyd9nb8g
안산 컨벤션,인테그라디앤씨,경기 안산시 상록구 한양대학로 55 에리카컨벤션센터 703호,0.0,https://www.integradnc.com/
안산 컨벤션,신성아이씨티,경기 안산시 상록구 한양대학로 55 컨벤션센터 615호,0.0,http://ksict.com/
안산 컨벤션,행복한짬뽕,경기 안산시 상록구 한양대학로 55 게스트하우스컨벤션 1층,3.7,
안산 컨벤션,린케어,경기 안산시 상록구 한양대학로 55 에리카컨벤션센터 6층 607호,0.0,
안산 컨벤션,나누,경기 안산시 상록구 한양대학로 55 컨벤션센터 6층 613호,0.0,https://econanu.com/default/kr/index.php
안산 연수원,중소벤처기업진흥공단 중소벤처기업연수원,경기 안산시 단원구 연수원로 87,5.0,https://kosmes.or.kr/intro/intro_real.html
안산 연수원,한국농어촌공사 인재개발원,경기 안산시 상록구 해안로 870,5.0,
안산 연수원,한국화학안전협회 교육장,경기 안산시 단원구 동산로 63 3층,0.0,http://kcsaedu.onwayedu.co.kr/main/main.html
안산 연수원,중소기업연수원 인화2관,경기 안산시 단원구 연수원로 64,0.0,
안산 연수원,제머나이소프트 연수원,경기 안산시 단원구 아랫말길 73-34,0.0,
안산 연수원,중소벤처기업진흥공단 중소기업연수원 창의관,경기 안산시 단원구 연수원로 87,0.0,
안산 연수원,베르아델인재개발원,경기 안산시 상록구 광덕1로 350 신도프라자 4층,0.0,http://beradeledu.com/
안산 연수원,중소벤처기업진흥공단 중소벤처기업연수원 대강당,경기 안산시 단원구 연수원로 87,0.0,
안산 연수원,"중소벤처기업진흥공단 중소벤처기업연수원 실험동, 실습동",경기 안산시 단원구 연수원로 87,5.0,
안산 연수원,아이비스터디자기주도학습관,경기 안산시 상록구 샘골로 96,0.0,
안산 연수원,중소벤처기업진흥공단 중소기업연수원 자료실,경기 안산시 단원구 연수원로 87,0.0,
안산 연수원,연수원사거리,경기 안산시 단원구 원곡동,0.0,
안산 연수원,엑스퍼트연수원 축구장,경기 안산시 단원구 선감로 205-33,0.0,
안산 연수원,엑스퍼트연수원 농구장,경기 안산시 단원구 선감로 205-33,0.0,
안산 연수원,중소벤처기업연수원직원아파트,경기 안산시 단원구 연수원로 64,,
안산 연수원,중소벤처기업진흥공단 중소벤처기업연수원 운동장,경기 안산시 단원구 연수원로 87,0.0,
파주 호텔,호텔시에나,경기 파주시 소리천로 31,3.1,http://www.hotelsienna.com/
파주 호텔,골든힐호텔,경기 파주시 탄현면 성동로 36-30,3.7,http://www.goldenhillhotel.co.kr/
파주 호텔,파크뷰테라스호텔,경기 파주시 소리천로 39,3.7,https://pvterrace.co.kr/mobile/kor/index.do
파주 호텔,케이힐스더테라스,경기 파주시 심학산로 628,2.7,https://www.khills.co.kr/
파주 호텔,메이트호텔,경기 파주시 탄현면 엘씨디로241번길 39-35,4.0,http://www.matehotelpaju.com/
파주 호텔,프롬에이치 소도호텔 파주,경기 파주시 원앙길 8-8,3.5,https://www.instagram.com/accounts/login/?next=https%3A%2F%2Fwww.instagram.com%2Fsodohotel.official%2F&is_from_rle
파주 호텔,힐즈호텔,경기 파주시 탄현면 성동로 20-41,3.8,
파주 호텔,그라체호텔,경기 파주시 새꽃로 176,3.5,http://graziehotel.co.kr/
파주 호텔,호텔더블유원,경기 파주시 탄현면 성동로 36-34,2.0,
파주 호텔,아늑료칸호텔 파주금촌점,경기 파주시 금정14길 41-13,4.7,
파주 호텔,호텔위즈,경기 파주시 탄현면 성동로 20-45,4.3,
파주 호텔,W2호텔,경기 파주시 탄현면 성동로 36-26,4.0,
파주 호텔,드레곤호텔,경기 파주시 중앙로 283,0.0,
파주 호텔,호텔제이스,경기 파주시 탄현면 성동로 36-34,0.0,
파주 호텔,파주 와이제이오션빌,경기 파주시 파주읍 돈유로 4-15,0.0,
파주 호텔,퍼시픽호텔,경기 양주시 백석읍 권율로 1093,0.0,
파주 호텔,하늘궁로망스호텔,경기 양주시 장흥면 권율로309번길 248,1.0,
파주 호텔,칼튼호텔,경기 파주시 탄현면 성동로 34,4.5,https://carltonhotel.jalib.site/
파주 호텔,웨스트힐호텔,경기 파주시 탄현면 요풍길 68-16,3.7,https://westhillhotel.jalib.site/
파주 호텔,마리호텔,경기 파주시 중앙로 266,2.2,http://pajumarihotel.com/
파주 호텔,화수목호텔,경기 파주시 탄현면 엘씨디로241번길 39-46,4.0,
파주 호텔,유로호텔,경기 파주시 지목로 19,2.3,
파주 호텔,호텔소풍,경기 파주시 탄현면 요풍길 119-1,4.0,http://hotel-sopoong.com/
파주 호텔,반디호텔,경기 파주시 지목로 57,3.0,
파주 호텔,Q호텔,경기 파주시 탄현면 샘철길 22,1.0,https://pajuqhotel.com/
파주 호텔,구구호텔,경기 파주시 금정14길 41-9,2.5,
파주 호텔,파주 와이제이오션빌,경기 파주시 파주읍 돈유로 4-15,0.0,
파주 호텔,퍼시픽호텔,경기 양주시 백석읍 권율로 1093,0.0,
파주 호텔,하늘궁로망스호텔,경기 양주시 장흥면 권율로309번길 248,1.0,
파주 호텔,칼튼호텔,경기 파주시 탄현면 성동로 34,4.5,https://carltonhotel.jalib.site/
파주 호텔,웨스트힐호텔,경기 파주시 탄현면 요풍길 68-16,3.7,https://westhillhotel.jalib.site/
파주 호텔,마리호텔,경기 파주시 중앙로 266,2.2,http://pajumarihotel.com/
파주 호텔,화수목호텔,경기 파주시 탄현면 엘씨디로241번길 39-46,4.0,
파주 호텔,유로호텔,경기 파주시 지목로 19,2.3,
파주 호텔,호텔소풍,경기 파주시 탄현면 요풍길 119-1,4.0,http://hotel-sopoong.com/
파주 호텔,반디호텔,경기 파주시 지목로 57,3.0,
파주 호텔,Q호텔,경기 파주시 탄현면 샘철길 22,1.0,https://pajuqhotel.com/
파주 호텔,구구호텔,경기 파주시 금정14길 41-9,2.5,
파주 호텔,리멤버호텔,경기 파주시 광탄면 기산로 61-17,5.0,
파주 호텔,호텔럭스,경기 파주시 탄현면 성동로 5 1~7층,4.4,
파주 호텔,나우호텔,경기 파주시 파주읍 술이홀로 476,4.3,
파주 호텔,윈저호텔,경기 파주시 원앙길 6,3.3,https://cafe.daum.net/windsorhotel
파주 호텔,호텔CC,경기 파주시 탄현면 엘씨디로241번길 39-45,3.0,https://hotelcc.modoo.at/
파주 호텔,호텔더헤이리,경기 파주시 탄현면 새오리로161번길 53-37,1.0,
파주 호텔,IMT호텔,경기 파주시 탄현면 성동로 34 4동,3.0,
파주 호텔,스위치호텔,경기 파주시 금정14길 41-9 1~6층,5.0,https://switchhotel.modoo.at/
파주 호텔,캬라멜호텔,경기 파주시 송학1길 114-19,0.0,
파주 호텔,호텔비엔비,경기 파주시 원앙길 8,0.0,
파주 호텔,포시즌호텔,경기 파주시 파평면 화석정로126번길 144-20,0.0,
파주 호텔,호텔루이,경기 파주시 가재울로 91,5.0,
파주 호텔,팔레스오브드림호텔,경기 파주시 광탄면 보광로 505,0.0,
파주 호텔,게이트호텔,경기 파주시 광탄면 보광로 505 2~4층,1.0,
파주 호텔,눈독호텔,경기 파주시 탄현면 새오리로 396,0.0,
파주 호텔,데이즈온 드라이브인호텔,경기 양주시 백석읍 기산로 508-6,5.0,
파주 호텔,하늘궁몽블랑호텔,경기 양주시 백석읍 기산로 423-45,5.0,
파주 호텔,호텔PD,경기 양주시 백석읍 권율로 1052-34,5.0,
파주 호텔,갤러리호텔,경기 양주시 백석읍 기산로440번길 21,0.0,
파주 호텔,버킹검호텔,경기 양주시 백석읍 기산로 462-1,0.0,https://blog.naver.com/ds1gwt
파주 호텔,시그널드라이브인호텔,경기 양주시 백석읍 권율로847번길 10-27,0.0,
파주 호텔,힐하우스호텔,경기 양주시 백석읍 기산로 416,4.0,
파주 호텔,퍼피호텔,경기 양주시 백석읍 기산로440번길 84 퍼피호텔,5.0,https://puppyhotel.co.kr/
파주 호텔,버킹검호텔,경기 양주시 백석읍 가업리 348-2,0.0,
파주 호텔,윙호텔,경기 양주시 백석읍 기산로 508-19,,
파주 호텔,팰리스호텔,경기 양주시 백석읍 권율로 920-1,3.0,
파주 호텔,와이호텔,경기 양주시 백석읍 권율로 914-14,0.0,
파주 호텔,씨저스크라스호텔,경기 양주시 백석읍 권율로 894,0.0,
파주 호텔,시그널호텔,경기 양주시 백석읍 권율로847번길 10-25,0.0,
파주 호텔,헤븐호텔,경기 양주시 백석읍 권율로 914-14,0.0,
파주 호텔,하늘궁네오호텔,경기 양주시 장흥면 권율로309번길 358,0.0,
파주 호텔,하늘궁헬로우호텔,경기 양주시 장흥면 권율로309번길 262,2.6,
파주 호텔,하늘궁RX1호텔,경기 양주시 장흥면 권율로309번길 305-55 2~4층,0.0,
파주 호텔,하늘궁RX2호텔,경기 양주시 장흥면 권율로309번길 305-43 2~4층,0.0,
파주 호텔,하늘궁엑스원호텔,경기 양주시 장흥면 권율로309번길 305-55,0.0,
파주 호텔,피카소,경기 파주시 탄현면 성동로 34,3.4,http://picassohotel.tshome.co.kr/
파주 호텔,노스탈자,경기 파주시 탄현면 성동로 34 3동,3.5,
파주 호텔,마루,경기 파주시 탄현면 필승로 448,3.5,
파주 호텔,에이케이,경기 파주시 경의로 1056 1120호,0.0,
파주 호텔,굿타임,경기 파주시 탄현면 새오리로161번길 53-32,0.0,
파주 컨벤션,CBM컨벤션웨딩부페,"경기 파주시 중앙로 328 MH타워 6층,7층",5.0,
파주 컨벤션,출판도시컨벤션웨딩,경기 파주시 회동길 145,5.0,
파주 연수원,경기도교육청율곡연수원,경기 파주시 법원읍 자운서원로 184,0.0,https://www.yulgog.org/
파주 연수원,홍원연수원,경기 파주시 조리읍 삼릉로 53,0.0,http://www.hongwontc.or.kr/
파주 연수원,그레이스 연수원,경기 파주시 법원읍 술이홀로 1173,5.0,
파주 연수원,파주wee센터,경기 파주시 교하로1290번길 38 학교지원센터 2층,0.0,
파주 연수원,감사교육원,경기 파주시 광탄면 기산로 207-160,3.3,
파주 연수원,현대자동차 인재개발원 파주캠퍼스,경기 파주시 조리읍 팔학골길 152,0.0,
파주 연수원,백련연수원,경기 파주시 광탄면 심궁로 178,0.0,
파주 연수원,모이야,경기 파주시 경의로 1114 에펠타워 4층 405호,0.0,http://www.moiya.co.kr/
파주 연수원,임마뉴엘천주교연수원,경기 파주시 적성면 장뜰길 462,0.0,
파주 연수원,삼성화재 글로벌캠퍼스,경기 고양시 일산동구 문원길 135,3.4,https://www.samsungfire.com/
파주 연수원,크라운해태연수원,경기 양주시 백석읍 권율로 721,1.0,http://www.ch-academy.co.kr/home/index.php
파주 연수원,어썸타운 연수원,경기 고양시 덕양구 내유길 178-3,0.0,
파주 연수원,NH인재원,경기 고양시 일산동구 문원길 71,0.0,https://www.nhleaders.com/leaders/index.nh
파주 연수원,현대 지네트 고양연수원,경기 고양시 일산동구 문원길 71,0.0,
파주 연수원,경기도교육청율곡연수원 생활관,경기 파주시 법원읍 자운서원로 201,0.0,
파주 연수원,개명연수원펜션,경기 양주시 장흥면 권율로309번길 317-19,3.0,
파주 연수원,개명연수원 캠핑장,경기 양주시 장흥면 권율로309번길 317-19,0.0,
고양 호텔,킨텍스바이케이트리,경기 고양시 일산서구 킨텍스로 255-3,,http://kintexbyk-tree.com/
고양 호텔,어반이스트호텔,경기 고양시 덕양구 고양대로 1725,4.1,https://www.hotelsouthkorea.com/urban-est-hotel/
고양 호텔,소노캄고양 웨스트타워,경기 고양시 일산동구 태극로 18,3.6,https://www.sonohotelsresorts.com/calm_gy
고양 호텔,호텔더윈,경기 고양시 덕양구 원흥3로 6-14,4.7,https://hotelthewynn.modoo.at/
고양 호텔,페이지호텔,경기 고양시 덕양구 화신로 271,3.2,https://m.booking.naver.com/booking/3/bizes/862925?area=plt
고양 호텔,퀸타운호텔,경기 고양시 일산동구 정발산로 39 대양빌딩 8~10층,2.2,http://queentownhotel.com/
고양 호텔,호텔그라체,경기 고양시 일산서구 산현로17번길 7-30 1~6층,4.8,http://graziehotel.com/layout/res/home.php?go=main
고양 호텔,밀레니엄호텔,경기 고양시 일산서구 주화로 190,3.5,
고양 호텔,호텔알렌,경기 고양시 일산동구 장백로 68,2.0,
고양 호텔,케이(K),경기 고양시 일산서구 일현로 39,4.0,
고양 호텔,호텔캘리포니아,경기 고양시 일산동구 중앙로 1029,4.4,
고양 호텔,룩소르호텔,경기 고양시 일산서구 강성로 253,3.0,
고양 호텔,HOTEL YUJI,경기 고양시 덕양구 충장로 23,0.0,
고양 호텔,에이플렉스,경기 고양시 일산동구 호수로 662 삼성라끄빌 2층 209호,1.0,
고양 호텔,호텔 클라움,경기 고양시 일산서구 중앙로 1559-11,4.3,http://hotelklaum.kr/
고양 호텔,클레오파트라호텔,경기 고양시 일산동구 장백로 34,3.6,https://www.agoda.com/ko-kr/ko-kr/cleopatra-hotel/hotel/goyang-si-kr.html?cid=1555740&ds=Q8COMD3ZtGstUshQ
고양 호텔,고양호텔유지,경기 고양시 덕양구 충장로 23,3.7,https://yujihotel.modoo.at/
고양 호텔,부티크호텔k,경기 고양시 일산동구 무궁화로 31-9,3.2,https://blog.naver.com/hotelk_ilsan
고양 호텔,화정호텔,경기 고양시 덕양구 화신로260번길 20,4.7,
고양 호텔,호텔로젠하임,경기 고양시 일산동구 장백로 36 1~8층,,
고양 호텔,블랑호텔,경기 고양시 일산동구 중앙로 1194 금강프라자 6층,3.1,http://blanchotel.co.kr/
고양 호텔,일산신트라호텔,경기 고양시 일산서구 중앙로 1559-15,4.9,http://www.sintrahotel-ilsan.co.kr/
고양 호텔,리치호텔,경기 고양시 일산서구 강성로 249,2.6,http://richhotel3.dgweb.kr/
고양 호텔,라트리호텔 일산대화역,경기 고양시 일산서구 중앙로 1560-22,2.5,http://ilsanlatree.co.kr/
고양 호텔,발렌타인호텔,경기 고양시 일산동구 강석로 15,4.0,
고양 호텔,앙띠브호텔,경기 고양시 일산동구 중앙로 1058,4.0,
고양 호텔,박스호텔,경기 고양시 일산동구 약산길 5-24,4.0,
고양 호텔,호텔미라벨,경기 고양시 일산동구 중앙로 1056,0.0,https://mirabelhotel.modoo.at/
고양 호텔,넘버25호텔 일산원당점,경기 고양시 덕양구 고양시청로 30-6,1.1,https://wondangnumber25.modoo.at/
고양 호텔,필그린호텔,경기 고양시 일산동구 장백로 38,2.1,
고양 호텔,호텔사이버,경기 고양시 덕양구 무원로6번길 35,2.7,https://blog.naver.com/cyberhotel
고양 호텔,호텔니꼬,경기 고양시 일산서구 일현로41번길 8-36,2.8,https://isnikko.modoo.at/?link=cp4i9psv
고양 호텔,BS호텔,경기 고양시 일산동구 장백로 66,1.8,
고양 호텔,호텔아망,경기 고양시 덕양구 원당로 117,3.5,http://hotelamant.com/
고양 호텔,보보호텔,경기 고양시 일산서구 중앙로 1560-14,2.3,
고양 호텔,카르마호텔,경기 고양시 덕양구 은빛로 55,0.0,
고양 호텔,수필호텔,경기 고양시 일산서구 중앙로 1568 화성프라자 8층,3.0,
고양 호텔,웨인스코트호텔,경기 고양시 일산서구 대화로 34,3.7,
고양 호텔,호텔마블,경기 고양시 일산서구 중앙로 1560-18,1.6,
고양 호텔,트라움호텔,경기 고양시 덕양구 고양시청로 31,3.9,
고양 호텔,호텔넘버25 행신점,경기 고양시 덕양구 중앙로558번길 7-8,4.0,
고양 호텔,호텔라움,경기 고양시 덕양구 원당로69번길 7,4.5,
고양 호텔,케이트리호텔X모노플렉스,경기 고양시 일산서구 킨텍스로 255-3 2층,3.7,https://www.monoplex.kr/
고양 호텔,호텔첼시,경기 고양시 덕양구 고양대로 1325,3.0,
고양 호텔,엑스와이엠호텔 고양일산점,경기 고양시 덕양구 고양시청로 30,4.3,http://xymfranchise.com/
고양 호텔,호텔라엘르 고양일산본점,경기 고양시 덕양구 고양시청로 30-14,4.3,https://www.instagram.com/accounts/login/?next=https%3A%2F%2Fwww.instagram.com%2Fla_ell_re_hotel%2F&is_from_rle
고양 호텔,이든호텔,경기 고양시 덕양구 마상로140번길 11,3.3,
고양 호텔,린호텔,경기 고양시 덕양구 혜음로 208,1.7,
고양 호텔,사이버21호텔,경기 고양시 일산서구 일현로41번길 8-40,3.7,
고양 호텔,옐로우8호텔,경기 고양시 일산서구 강성로 121 삼희프라자 8층,3.4,
고양 호텔,라트리호텔 일산마두역점,경기 고양시 일산동구 강석로 147,2.6,https://latree.modoo.at/
고양 호텔,로마호텔,경기 고양시 일산동구 중앙로 1160,0.0,
고양 호텔,노블레스호텔,경기 고양시 덕양구 마상로134번길 109,4.0,
고양 호텔,호텔마두,경기 고양시 일산동구 강석로 147,0.0,
고양 호텔,호텔미카사,경기 고양시 일산서구 일현로41번길 12-10 1~6층,2.8,
고양 호텔,노블호텔,경기 고양시 일산동구 중앙로 1160 7층,0.0,
고양 호텔,DC호텔,경기 고양시 일산서구 일현로41번길 8-32,0.0,
고양 호텔,마이캣호텔,경기 고양시 덕양구 고양대로1432번길 157-2,5.0,https://cafe.naver.com/goyangcat
고양 호텔,시그멍 호텔&유치원,경기 고양시 덕양구 꽃마을로 64 DMC스타허브플러스 302호,5.0,https://accounts.kakao.com/login/?continue=https%3A%2F%2Fpf.kakao.com%2F_xfJxcEG%2Fchat#login
고양 호텔,호텔세탁소,경기 고양시 일산동구 무궁화로 11 한라밀라트 B동 1층,0.0,
고양 호텔,더호텔도그용이네,경기 고양시 일산서구 대화1로 21,0.0,
고양 호텔,소노캄 고양,경기 고양시 일산동구 태극로 20,3.8,https://www.sonohotelsresorts.com/calm_gy
고양 호텔,소노캄고양 쿠치나M,경기 고양시 일산동구 태극로 20 2층,4.1,https://www.sonohotelsresorts.com/calm_gy
고양 호텔,소노캄고양 일라고,경기 고양시 일산동구 태극로 20 1층,5.0,
고양 호텔,소노캄고양 델리,경기 고양시 일산동구 태극로 20 1층,3.0,
고양 컨벤션,엠시티웨딩컨벤션,경기 고양시 일산동구 백마로 195 방송컴플렉스 지하 1층,3.4,https://mctwed.co.kr/
고양 컨벤션,Y컨벤션 웨딩홀,경기 고양시 일산동구 애니골길 97 YMCA 유스센터 1층,0.0,
고양 컨벤션,KSD컨벤션웨딩홀,경기 고양시 일산동구 호수로 358-8,0.0,
고양 컨벤션,고양컨벤션뷰로,경기 고양시 일산서구 킨텍스로 217-59 오피스빌딩 9층 904호,0.0,https://www.goyangcvb.com/
고양 컨벤션,국제컨벤션고교사거리,경기 고양시 일산서구 주엽동 151,5.0,
고양 컨벤션,웨스턴컨벤션하우스 웨딩부페,경기 고양시 일산동구 정발산로 24,0.0,
고양 컨벤션,고양시관광컨벤션협의회,경기 고양시 일산서구 킨텍스로 217-59 904호,0.0,http://www.goyangtca.or.kr/contents/main/
고양 컨벤션,올덴뉴 일산더컨벤션지점,경기 고양시 일산동구 중앙로 1160 화랑복합빌딩 403호,0.0,
고양 연수원,삼성화재 글로벌캠퍼스,경기 고양시 일산동구 문원길 135,3.4,https://www.samsungfire.com/
고양 연수원,동양인재개발원,경기 고양시 일산동구 성현로268번길 68-7,0.0,https://www.myangel.co.kr/paging/WE_AC_BBTRMA000000
고양 연수원,NH인재원,경기 고양시 일산동구 문원길 71,0.0,https://www.nhleaders.com/leaders/index.nh
고양 연수원,농협중앙교육원,경기 고양시 덕양구 서삼릉길 281,0.0,
고양 연수원,어썸타운 연수원,경기 고양시 덕양구 내유길 178-3,0.0,
고양 연수원,한국스카우트연맹 중앙훈련원,경기 고양시 덕양구 서삼릉길 107-62,0.0,
고양 연수원,IYF 강북센터,경기 고양시 덕양구 통일로554번길 7-24 1층,0.0,
고양 연수원,현대 지네트 고양연수원,경기 고양시 일산동구 문원길 71,0.0,
고양 연수원,원당경마교육원,경기 고양시 덕양구 서삼릉길 233-112,0.0,
고양 연수원,한국첨단교육연구소,경기 고양시 일산동구 중앙로1261번길 59,0.0,
고양 연수원,사법연수원,경기 고양시 일산동구 호수로 550,,https://jrti.scourt.go.kr/main/new/Main.work
고양 연수원,사법연수원 청연재가동,경기 고양시 일산동구 장백로 197,0.0,
고양 연수원,소정연수원,경기 고양시 일산서구 산율길42번길 37,0.0,
