,keyword,title,address,point,url
0,김포 호텔,라마다앙코르바이윈덤 김포한강호텔,경기 김포시 고촌읍 아라육로152번길 169,3.2,https://www.ramadagimpohanriver.com/ko/
1,김포 호텔,호텔마리나베이 서울,경기 김포시 고촌읍 아라육로152번길 210-50,3.8,https://www.marinabay-seoul.com/marinabayseoul/
2,김포 호텔,레스트호텔,경기 김포시 태장로795번길 151,4.4,https://gimpo-rest.jalib.site/
3,김포 호텔,약암홍염천관광호텔,경기 김포시 대곶면 약암로 965-7,3.0,http://www.yakam.co.kr/
4,김포 호텔,호텔라르,경기 김포시 고촌읍 장차로5번길 5-9,3.4,http://www.lartgimpo.com/html/main.asp
5,김포 호텔,스타비아호텔,경기 김포시 태장로795번길 147,4.1,http://staviahotel.com/?ckattempt=1
7,김포 호텔,아리수호텔,경기 김포시 태장로795번길 123,4.3,https://gp-arisu.jalib.site/
8,김포 호텔,펜타스타호텔 김포,경기 김포시 태장로795번길 111,3.2,https://pentastarhotel.modoo.at/
9,김포 호텔,JJ호텔,경기 김포시 김포한강9로 79 9~10층,4.8,https://www.jjhotelgimpo.com/ko/
10,김포 호텔,엠타워호텔,경기 김포시 김포한강9로75번길 38 9~12층,4.6,https://kpmtower.modoo.at/
14,김포 호텔,검단신도시 호텔 에이치애비뉴,인천 서구 바리미로 31 지오프라자 8층,5.0,https://hotelhavenue.modoo.at/?link=9j4ejfgj
15,김포 호텔,에이치애비뉴 검단신도시점,인천 서구 바리미로 31 6~8층,0.0,https://hotelhavenue.modoo.at/
16,김포 호텔,3S부티크호텔 검단점,인천 서구 원당대로 874 1동,2.8,http://3sboutiquehotel.co.kr/
17,김포 호텔,소노캄고양 웨스트타워,경기 고양시 일산동구 태극로 18,3.6,https://www.sonohotelsresorts.com/calm_gy
19,김포 호텔,퀸타운호텔,경기 고양시 일산동구 정발산로 39 대양빌딩 8~10층,2.2,http://queentownhotel.com/
22,김포 호텔,롯데시티호텔 김포공항,서울 강서구 하늘길 38,4.1,https://www.lottehotel.com/gimpo-city/ko.html
23,김포 호텔,호텔소프라 인천청라점,인천 서구 서곶로301번길 21,3.6,http://www.hotelsopra.com/
24,김포 호텔,카리스호텔,인천 계양구 계양대로 28,3.7,http://www.hotelcharis.com/wp/
25,김포 호텔,소울하다 인천계양점,인천 계양구 계양문화로 58,3.8,https://topstay01.cafe24.com/
27,김포 호텔,코트야드 바이메리어트 서울보타닉파크,서울 강서구 마곡중앙12로 10,1.4,https://www.hotelsouthkorea.com/courtyard-by-marriott-seoul-botanic-park/
30,김포 호텔,호텔그라체,경기 고양시 일산서구 산현로17번길 7-30 1~6층,4.8,http://graziehotel.com/layout/res/home.php?go=main
31,김포 호텔,호텔산타,인천 서구 탁옥로51번길 17,5.0,https://m.booking.naver.com/booking/3/bizes/761894
34,김포 호텔,로얄스퀘어호텔,서울 강서구 공항대로 30,4.6,https://www.royalsquarehotel.com/
35,김포 호텔,포스타호텔,경기 부천시 오정구 석천로531번길 43,5.0,https://fourstar-bucheon.jalib.site/
37,김포 호텔,호텔리버,인천 계양구 계양문화로53번길 6,3.5,http://www.riverhotel.co.kr/default/
40,김포 호텔,보우호텔,인천 계양구 계양문화로59번길 9,2.5,http://www.hotelvow.com/main/main.php
41,김포 호텔,페이지호텔,경기 고양시 덕양구 화신로 271,3.2,https://m.booking.naver.com/booking/3/bizes/862925?area=plt
43,김포 호텔,아마레관광호텔,인천 계양구 장제로730번길 14,2.1,http://www.hotel-amare.com/main/main.php
45,김포 호텔,이코노미호텔 인천부평점,인천 부평구 부평대로296번길 88-6,4.8,https://ekoincheon.modoo.at/
47,김포 호텔,메이필드호텔 서울,서울 강서구 방화대로 94,4.1,https://www.mayfield.co.kr/main/
48,김포 호텔,호텔시에나,경기 파주시 소리천로 31,3.1,http://www.hotelsienna.com/
51,김포 호텔,케이힐스더테라스,경기 파주시 심학산로 628,2.7,https://www.khills.co.kr/
52,김포 호텔,파크뷰테라스호텔,경기 파주시 소리천로 39,3.7,https://pvterrace.co.kr/kor/index.do
54,김포 호텔,호텔디아망,서울 강서구 남부순환로 190,3.7,https://hoteldiamant.co.kr/
57,김포 호텔,메이필드호텔 스위트,서울 강서구 방화대로 94,1.0,https://www.mayfield.co.kr/main/
60,김포 호텔,아셈호텔,경기 김포시 태장로795번길 145,4.7,https://assemhotel.jalib.site/
61,김포 호텔,아이메리츠호텔,경기 김포시 대곶면 약암로 786-50,4.4,https://imeriltzhotel.jalib.site/
62,김포 호텔,루브호텔,경기 김포시 대곶면 약암로 879,4.7,https://gpluv.modoo.at/
63,김포 호텔,마리호텔,경기 김포시 김포한강9로75번길 190 8층,3.2,https://gpmari.modoo.at/
64,김포 호텔,웨스트나인호텔,경기 김포시 김포한강9로75번길 64,4.7,https://gpwest9hotel.modoo.at/
65,김포 호텔,아뮤즈호텔,경기 김포시 김포한강9로75번길 98 제이원타워 7-9층,5.0,https://amusehotel.kr/
66,김포 호텔,호텔코자자 대명항점,경기 김포시 대곶면 대명항1로 89-12,5.0,http://0319985353.tshome.co.kr/
68,김포 호텔,JK호텔,경기 김포시 김포한강9로75번길 100 태경프라자 7~9층,5.0,https://jkhotel.modoo.at/
69,김포 호텔,라인플러스호텔,경기 김포시 통진읍 김포대로 2337,3.3,http://www.lineplushotel.com/
70,김포 호텔,호텔캘리포니아,경기 김포시 김포한강9로 80 다온프라자 7층,1.7,https://california0.modoo.at/
71,김포 호텔,필호텔,경기 김포시 중구로 47,1.0,https://blog.naver.com/fillhotel
73,김포 호텔,도킹호텔,경기 김포시 대곶면 대명항1로 50,4.1,https://www.hotelsouthkorea.com/docking-hotel/
76,김포 호텔,라인호텔,경기 김포시 통진읍 김포대로 2337,4.0,http://www.lineplushotel.com/
78,김포 호텔,에비뉴호텔,경기 김포시 월곶면 김포대로 2556,2.0,https://avenue2.modoo.at/
84,김포 호텔,호텔아라,"인천 서구 바리미로 21 국제프라자3차 601,701,801호",4.5,https://hotel_ara.jalib.site/
88,김포 호텔,호텔 이쁘다 검단,인천 서구 완정로117번길 35,4.9,https://gumdanippda.modoo.at/
93,김포 호텔,호텔얌 인천검단점,인천 서구 검단로 494-1 3층,1.8,https://business.yanolja.com/web/kr/index
95,김포 호텔,케이트리호텔X모노플렉스,경기 고양시 일산서구 킨텍스로 255-3 2층,3.7,https://www.monoplex.kr/
96,김포 호텔,호텔 클라움,경기 고양시 일산서구 중앙로 1559-11,4.3,http://hotelklaum.kr/
97,김포 호텔,부티크호텔k,경기 고양시 일산동구 무궁화로 31-9,3.2,https://blog.naver.com/hotelk_ilsan
98,김포 호텔,클레오파트라호텔,경기 고양시 일산동구 장백로 34,3.6,https://www.agoda.com/ko-kr/ko-kr/cleopatra-hotel/hotel/goyang-si-kr.html?cid=1555740&ds=FDvjA7R9qOhX0OOW
99,김포 호텔,블랑호텔,경기 고양시 일산동구 중앙로 1194 금강프라자 6층,3.1,http://blanchotel.co.kr/
105,김포 호텔,일산신트라호텔,경기 고양시 일산서구 중앙로 1559-15,4.9,http://www.sintrahotel-ilsan.co.kr/?ckattempt=1
106,김포 호텔,호텔미라벨,경기 고양시 일산동구 중앙로 1056,0.0,https://mirabelhotel.modoo.at/
108,김포 호텔,리치호텔,경기 고양시 일산서구 강성로 249,2.6,http://richhotel3.dgweb.kr/
109,김포 호텔,라트리호텔 일산대화역,경기 고양시 일산서구 중앙로 1560-22,2.5,http://ilsanlatree.co.kr/
110,김포 호텔,펜타스타호텔,인천 서구 오류로14번길 23,4.2,https://www.hotelsouthkorea.com/incheon-pentastar-hotel/
111,김포 호텔,카카오호텔,인천 서구 탁옥로51번길 13-6,2.9,https://www.hotelsouthkorea.com/hotel-cacao/
118,김포 호텔,라트리호텔 일산마두역점,경기 고양시 일산동구 강석로 147,2.6,https://latree.modoo.at/
121,김포 호텔,호텔더원,인천 서구 탁옥로51번길 13-9,0.0,https://blog.naver.com/hotel_theone1
125,김포 호텔,호텔런드리 장항점,경기 고양시 일산동구 중앙로 1341,0.0,https://www.hotel-laundry.com/
129,김포 호텔,더휴식 아늑호텔 일산탄현점,경기 고양시 일산서구 일현로41번길 8-32,4.3,https://aankilsan.modoo.at/
135,김포 호텔,카리스호텔 웨딩홀,인천 계양구 계양대로 28,3.0,https://www.instagram.com/accounts/login/?next=https%3A%2F%2Fwww.instagram.com%2Fcharishotel%2F&is_from_rle
136,김포 호텔,호텔니꼬,경기 고양시 일산서구 일현로41번길 8-36,2.8,https://isnikko.modoo.at/?link=cp4i9psv
143,김포 호텔,인천베이호텔,"인천 서구 정서진로 137 A,B동",4.5,http://www.incheonbayhotel.com/index.php
148,김포 호텔,고양호텔유지,경기 고양시 덕양구 충장로 23,3.7,https://yujihotel.modoo.at/
152,김포 호텔,우다닥고양이호텔 인천점,인천 계양구 계양산로 52 2층,5.0,https://blog.naver.com/hellocats_
154,김포 호텔,냥냥호텔,인천 계양구 계양대로 193 5층,5.0,https://cafe.naver.com/catcathotel
159,김포 호텔,호텔사이버,경기 고양시 덕양구 무원로6번길 35,2.7,https://blog.naver.com/cyberhotel
162,김포 호텔,호텔야자 화정역점,"경기 고양시 덕양구 화신로272번길 34 6,7층",2.2,https://business.yanolja.com/web/kr/index
168,김포 호텔,넘버25호텔 일산원당점,경기 고양시 덕양구 고양시청로 30-6,1.1,https://wondangnumber25.modoo.at/
170,김포 호텔,메이필드호텔 봉래헌,서울 강서구 방화대로 94 별관 1층,3.7,https://mayfield.co.kr/main/
173,김포 호텔,호텔라엘르 고양일산본점,경기 고양시 덕양구 고양시청로 30-14,4.3,https://www.instagram.com/accounts/login/?next=https%3A%2F%2Fwww.instagram.com%2Fla_ell_re_hotel%2F&is_from_rle
174,김포 호텔,엑스와이엠호텔 고양일산점,경기 고양시 덕양구 고양시청로 30,4.3,http://xymfranchise.com/
176,김포 호텔,호텔고로롱,인천 서구 청라에메랄드로102번길 10 청라리치아노오피스텔 307호,0.0,https://www.instagram.com/accounts/login/?next=https%3A%2F%2Fwww.instagram.com%2Fhotel_gororong%2F&is_from_rle
177,김포 호텔,호텔런드리 원당점,경기 고양시 덕양구 마상로126번길 91 1층,0.0,https://www.hotel-laundry.com/
178,김포 호텔,야놀다가자호텔,경기 파주시 소리천로 25 유은타워7차 4층 414호,1.5,https://yaplaygo.modoo.at/
180,김포 호텔,메이필드호텔 낙원,서울 강서구 방화대로 94 별관 한옥 1층,3.5,https://www.mayfield.co.kr/main/
183,김포 호텔,메이필드호텔 캐슬테라스,서울 강서구 방화대로 94 본관 1층,3.9,https://www.mayfield.co.kr/dining/castleTerrace.html
184,김포 호텔,메이필드호텔 연회장,서울 강서구 방화대로 94,3.0,https://mayfield.co.kr/main/
185,김포 호텔,호텔런드리 탄현에듀포레점,경기 고양시 일산서구 탄현로 144-27 미래로타운 103호,5.0,https://www.hotel-laundry.com/
189,김포 호텔,좋은침구호텔연구소,경기 부천시 오정구 석천로398번길 22 2층,0.0,https://blog.naver.com/clglobal1
190,김포 호텔,메이필드호텔 로얄마일,서울 강서구 방화대로 94 호텔본관 1층,4.3,https://mayfield.co.kr/dining/royalmile.html
191,김포 호텔,메이필드호텔스쿨,서울 강서구 방화대로 96,5.0,https://blog.naver.com/artdecogreen
195,김포 호텔,메이필드호텔 더큐,서울 강서구 방화대로 94 본관 1층,5.0,https://www.mayfield.co.kr/main/
197,김포 호텔,메이필드호텔 코코노르스파,서울 강서구 방화대로 94 스위트동 지하1층,0.0,https://www.mayfield.co.kr/main/
199,김포 호텔,퀸모텔,경기 김포시 하성면 하성로 281,4.2,https://hoteelqueen.modoo.at/
201,김포 호텔,소노캄 고양,경기 고양시 일산동구 태극로 20,3.8,https://www.sonohotelsresorts.com/calm_gy
202,김포 호텔,소노캄고양 쿠치나M,경기 고양시 일산동구 태극로 20 2층,4.1,https://www.sonohotelsresorts.com/calm_gy
205,김포 호텔,G car zone 소노캄호텔 고양점,경기 고양시 일산동구 태극로 20,0.0,https://www.greencar.co.kr/
206,김포 호텔,세븐일레븐 케이트리호텔점,"경기 고양시 일산서구 킨텍스로 255-3 1층 113, 115호",3.3,https://www.7-eleven.co.kr/
210,김포 호텔,세븐일레븐 롯데시티호텔공항점,서울 강서구 하늘길 38,0.0,https://www.7-eleven.co.kr/
211,김포 호텔,신라면세점 김포공항점,서울 강서구 하늘길 38 국제선청사 3층,0.0,https://www.shilladfs.com/estore/kr/ko/?uiel=Desktop
213,김포 호텔,묘랑,인천 계양구 계양대로89번길 6 2층,5.0,https://www.instagram.com/accounts/login/?next=https%3A%2F%2Fwww.instagram.com%2Fmyorang_kittens%2F&is_from_rle
214,김포 호텔,올인원게스트하우스,인천 서구 청라한울로59번길 26 101호,5.0,https://allinoneguesthouse.modoo.at/
218,김포 호텔,원탑투어,서울 강서구 마곡중앙1로 10 한일노벨리아 101동 8층 802호,5.0,https://blog.naver.com/1top111
219,김포 컨벤션,김포컨벤션웨딩홀,경기 김포시 북변중로 137,4.4,"https://map.naver.com/p/entry/place/12207655?placePath=%2Fhome&c=15.00,0,0,0,dh"
223,김포 컨벤션,고양컨벤션뷰로,경기 고양시 일산서구 킨텍스로 217-59 오피스빌딩 9층 904호,0.0,https://www.goyangcvb.com/
224,김포 컨벤션,엠시티웨딩컨벤션,경기 고양시 일산동구 백마로 195 방송컴플렉스 지하 1층,3.4,https://mctwed.co.kr/
225,김포 컨벤션,고양시관광컨벤션협의회,경기 고양시 일산서구 킨텍스로 217-59 904호,0.0,http://www.goyangtca.or.kr/contents/main/
226,김포 컨벤션,인천아시아드웨딩컨벤션,인천 서구 봉수대로 806 인천아시아드주경기장 3번 게이트,3.1,http://www.asiadwed.co.kr/
233,김포 컨벤션,CN천년웨딩홀 계산점,인천 계양구 경명대로 1108,3.2,http://www.cngyesan.com/
236,김포 컨벤션,CN천년웨딩홀 계산점,인천 계양구 경명대로 1108,3.2,http://www.cngyesan.com/
239,김포 연수원,워터스 연수원,경기 김포시 고촌읍 김포대로451번길 124,0.0,https://www.waters.co.kr/
242,김포 연수원,법원공무원교육원,경기 고양시 일산동구 호수로 523,0.0,https://edu.scourt.go.kr/main/new/Main.work
243,김포 연수원,인천광역시 교통연수원,인천 계양구 경명대로 990,1.0,https://www.int.or.kr/
247,김포 연수원,국민안전교육연수원 고양지회,경기 고양시 일산동구 중앙로1261번길 59 로얄프라자9층 303호,0.0,https://blog.naver.com/seti5062
252,김포 연수원,괜찮은사람들 인재개발원,인천 서구 청라라임로 51,0.0,https://goodpeopleedu.modoo.at/
256,김포 연수원,유니스코프,서울 강서구 마곡서로 152 두산더랜드타워 B동 5층 519호,0.0,https://www.teacher.co.kr/
257,김포 연수원,교육사랑연수원,서울 강서구 마곡중앙로 171 프라이빗타워 2차 1301호,0.0,https://www.edulove.co.kr/main/index.asp
258,김포 연수원,모이야,경기 파주시 경의로 1114 에펠타워 4층 405호,0.0,http://www.moiya.co.kr/
264,김포 연수원,신한 고양법원 ATM 고양지원사법연수원영업장점내,경기 고양시 일산동구 호수로 550,0.0,https://www.shinhan.com/index.jsp
268,김포 연수원,국선도 정발산 수련원,경기 고양시 일산동구 중앙로 1305-30 일산마이다스오피스텔 1016호,0.0,https://blog.naver.com/muhande0
270,김포 연수원,자연숨결명상수련원,인천 계양구 계양산로 19 2층,0.0,https://blog.naver.com/dotong11
272,김포 연수원,CPT젠타이치 진식태극권수련원,경기 고양시 일산동구 중산로157번길 54-1 2층,0.0,http://wtia.co.kr/
274,김포 연수원,신한 김포공항 ATM 김포공항연수원,서울 강서구 하늘길 260,0.0,https://www.shinhan.com/index.jsp
275,김포 연수원,국선도건강센타,경기 고양시 일산동구 강석로 153,5.0,https://www.kouksundo.com/
276,김포 연수원,태극선법 수인선원 인천수련원,인천 서구 심곡로 93 지하 1층,0.0,https://cafe.naver.com/goghostworld
277,부천 호텔,부천호텔,경기 부천시 원미구 길주로 131,2.6,https://www.bucheonhotel.co.kr/
278,부천 호텔,팔레스호텔,경기 부천시 원미구 길주로77번길 21,2.4,https://palacehotel.modoo.at/
279,부천 호텔,고려호텔,경기 부천시 원미구 길주로 66,3.9,http://www.hotelkoryo.net/home/
281,부천 호텔,폴라리스호텔,경기 부천시 원미구 소향로13번길 27,4.7,http://www.polarishotel.co.kr/
282,부천 호텔,포스타호텔,경기 부천시 오정구 석천로531번길 43,5.0,https://fourstar-bucheon.jalib.site/
283,부천 호텔,에스호텔,경기 부천시 원미구 원미로17번길 28,4.0,https://shotel7.modoo.at/
289,부천 호텔,노리터호텔,인천 부평구 시장로12번길 28,3.6,https://noriterhotel.modoo.at/
290,부천 호텔,이코노미호텔 인천부평점,인천 부평구 부평대로296번길 88-6,4.8,https://ekoincheon.modoo.at/
291,부천 호텔,토요코인호텔 인천부평점,인천 부평구 광장로 10,3.8,https://www.toyoko-inn.com/korea
293,부천 호텔,아마레관광호텔,인천 계양구 장제로730번길 14,2.1,http://www.hotel-amare.com/main/main.php
294,부천 호텔,카리스호텔,인천 계양구 계양대로 28,3.7,http://www.hotelcharis.com/wp/
295,부천 호텔,소울하다 인천계양점,인천 계양구 계양문화로 58,3.8,https://topstay01.cafe24.com/
297,부천 호텔,호텔리버,인천 계양구 계양문화로53번길 6,3.5,http://www.riverhotel.co.kr/default/
299,부천 호텔,보우호텔,인천 계양구 계양문화로59번길 9,2.5,http://www.hotelvow.com/main/main.php
300,부천 호텔,메이필드호텔 서울,서울 강서구 방화대로 94,4.1,https://www.mayfield.co.kr/main/
301,부천 호텔,골든호텔,인천 남동구 석촌로 57,3.0,https://www.hotelsouthkorea.com/golden-hotel-incheon/
302,부천 호텔,파이호텔,인천 남동구 석촌로46번길 47,1.8,http://xn--hu5bq4pxlb3wf.gajagaja.co.kr/
303,부천 호텔,호텔 베르누이 서울,서울 구로구 경인로 229,3.9,https://www.bernoui.com/
304,부천 호텔,호텔디아망,서울 강서구 남부순환로 190,3.7,https://hoteldiamant.co.kr/
306,부천 호텔,토요코인호텔 인천부평점,인천 부평구 광장로 10,3.8,https://www.toyoko-inn.com/korea
308,부천 호텔,아마레관광호텔,인천 계양구 장제로730번길 14,2.1,http://www.hotel-amare.com/main/main.php
309,부천 호텔,카리스호텔,인천 계양구 계양대로 28,3.7,http://www.hotelcharis.com/wp/
310,부천 호텔,소울하다 인천계양점,인천 계양구 계양문화로 58,3.8,https://topstay01.cafe24.com/
312,부천 호텔,호텔리버,인천 계양구 계양문화로53번길 6,3.5,http://www.riverhotel.co.kr/default/
314,부천 호텔,보우호텔,인천 계양구 계양문화로59번길 9,2.5,http://www.hotelvow.com/main/main.php
315,부천 호텔,메이필드호텔 서울,서울 강서구 방화대로 94,4.1,https://www.mayfield.co.kr/main/
316,부천 호텔,골든호텔,인천 남동구 석촌로 57,3.0,https://www.hotelsouthkorea.com/golden-hotel-incheon/
317,부천 호텔,파이호텔,인천 남동구 석촌로46번길 47,1.8,http://xn--hu5bq4pxlb3wf.gajagaja.co.kr/
318,부천 호텔,호텔 베르누이 서울,서울 구로구 경인로 229,3.9,https://www.bernoui.com/
319,부천 호텔,호텔디아망,서울 강서구 남부순환로 190,3.7,https://hoteldiamant.co.kr/
321,부천 호텔,롯데시티호텔 김포공항,서울 강서구 하늘길 38,4.1,https://www.lottehotel.com/gimpo-city/ko.html
322,부천 호텔,로얄스퀘어호텔,서울 강서구 공항대로 30,4.6,https://www.royalsquarehotel.com/
323,부천 호텔,메이필드호텔 스위트,서울 강서구 방화대로 94,1.0,https://www.mayfield.co.kr/main/
327,부천 호텔,호텔더디자이너스 인천점,인천 남동구 남동대로765번길 8,3.3,http://designersincheon.com/
330,부천 호텔,아늑호텔 인천구월점,인천 남동구 예술로204번길 15 4-15층,4.7,http://www.aankguwol-ic.com/
334,부천 호텔,호텔플로체,경기 부천시 원미구 길주로77번길 19-22,4.8,https://flocehotel.jalib.site/
335,부천 호텔,에버호텔,경기 부천시 원미구 길주로121번길 18-21,4.1,https://everhotel.jalib.site/
336,부천 호텔,호텔벤,경기 부천시 원미구 부일로506번길 30,3.0,https://hotelben.modoo.at/
338,부천 호텔,부천 노블레스호텔,경기 부천시 원미구 부천로10번길 49,3.6,http://noblessehotel.kr/
340,부천 호텔,시애틀호텔 부천점,경기 부천시 원미구 부천로2번길 33,3.7,https://bcseattlehotel.modoo.at/
342,부천 호텔,돈키호텔,경기 부천시 원미구 부일로432번길 36,3.0,https://bcdonkey1.modoo.at/
343,부천 호텔,모모호텔,경기 부천시 원미구 상일로122번길 24 2층,5.0,https://bcmomo.modoo.at/
345,부천 호텔,호텔요기,"경기 부천시 원미구 부일로233번길 21 5,6층",5.0,https://bchere.modoo.at/
347,부천 호텔,케이(K)호텔,경기 부천시 원미구 길주로77번길 27,2.0,https://blog.naver.com/hotel_k
349,부천 호텔,호텔캣츠,경기 부천시 원미구 원미로17번길 36,2.0,https://hotelcats.modoo.at/
360,부천 호텔,호텔얌 부천역점,경기 부천시 원미구 부일로 444-17,4.8,https://business.yanolja.com/web/kr/index
364,부천 호텔,호텔야자 역곡역점,경기 부천시 소사구 경인로497번길 12,1.5,https://business.yanolja.com/web/kr/index
370,부천 호텔,뷰티호텔180 부천중동점,경기 부천시 원미구 부일로 341 팰리스카운티A 대림상가 104호,0.0,https://blog.naver.com/beautyhotel_jungdong
373,부천 호텔,고양이호텔 윤집사,경기 부천시 소사구 경인옛로 138-5 sun빌딩 3층,5.0,https://blog.naver.com/yunshotel
384,부천 호텔,좋은침구호텔연구소,경기 부천시 오정구 석천로398번길 22 2층,0.0,https://blog.naver.com/clglobal1
391,부천 호텔,세븐스텝호텔,인천 부평구 장제로92번길 13,3.2,https://www.instagram.com/accounts/login/?next=https%3A%2F%2Fwww.instagram.com%2Fhotel_sevenstep_bupyeong%2F&is_from_rle
395,부천 호텔,더휴식 아늑호텔 부평지점,인천 부평구 경원대로1417번길 18-8,4.6,https://aankbupyeong.modoo.at/
397,부천 호텔,쁠랑호텔,인천 부평구 대정로90번길 30,3.0,https://bpppeullang.modoo.at/
401,부천 호텔,호텔벨루스,인천 부평구 부흥로294번길 19,3.7,https://icbphotelbellus.modoo.at/?&pc=1
404,부천 호텔,호텔두루와 본관,인천 부평구 시장로12번길 31,2.8,https://duruwamain.modoo.at/
406,부천 호텔,IMT호텔,인천 부평구 대정로82번길 19,2.3,https://www.hotelsouthkorea.com/bupyung-imt-hotel-incheon
408,부천 호텔,이오스호텔,인천 부평구 대정로82번길 25,1.0,https://bpeoshotel.modoo.at/
426,부천 호텔,르블랑호텔,인천 부평구 경원대로1377번길 9-2,5.0,http://0325274568.tshome.co.kr/
436,부천 호텔,카리스호텔 웨딩홀,인천 계양구 계양대로 28,3.0,https://www.instagram.com/accounts/login/?next=https%3A%2F%2Fwww.instagram.com%2Fcharishotel%2F&is_from_rle
437,부천 호텔,호텔RG,인천 부평구 원길로11번길 7,1.6,https://bprg.modoo.at/
445,부천 호텔,메이필드호텔 봉래헌,서울 강서구 방화대로 94 별관 1층,3.7,https://mayfield.co.kr/main/
449,부천 호텔,메이필드호텔 낙원,서울 강서구 방화대로 94 별관 한옥 1층,3.5,https://www.mayfield.co.kr/main/
451,부천 호텔,베네호텔,인천 부평구 동암광장로14번길 8,3.5,https://benehotel.modoo.at/
453,부천 호텔,냥냥호텔,인천 계양구 계양대로 193 5층,5.0,https://cafe.naver.com/catcathotel
454,부천 호텔,쎄비앙호텔,서울 구로구 경인로22길 37,3.7,https://cebienhotel.modoo.at/
456,부천 호텔,메이필드호텔 캐슬테라스,서울 강서구 방화대로 94 본관 1층,3.9,https://www.mayfield.co.kr/dining/castleTerrace.html
457,부천 호텔,넘버25호텔 동암역점,인천 부평구 열우물로 42-16,5.0,https://blog.naver.com/wsw153153
459,부천 호텔,메이필드호텔 연회장,서울 강서구 방화대로 94,3.0,https://mayfield.co.kr/main/
466,부천 호텔,우다닥고양이호텔 인천점,인천 계양구 계양산로 52 2층,5.0,https://blog.naver.com/hellocats_
467,부천 호텔,호텔엔,서울 강서구 곰달래로 76,3.4,https://haanne.modoo.at/
475,부천 호텔,메이필드호텔 로얄마일,서울 강서구 방화대로 94 호텔본관 1층,4.3,https://mayfield.co.kr/dining/royalmile.html
478,부천 호텔,호텔볼,서울 강서구 강서로5나길 30,3.0,https://hotelvoll.modoo.at/
479,부천 호텔,호텔초콜렛,서울 강서구 강서로5가길 24,2.3,https://hgchocolate.modoo.at/
482,부천 호텔,호텔 진,인천 남동구 남동대로777번길 36 1~10층,4.2,https://blog.naver.com/qkrckswls9053
484,부천 호텔,메이필드호텔 더큐,서울 강서구 방화대로 94 본관 1층,5.0,https://www.mayfield.co.kr/main/
485,부천 호텔,메이필드호텔스쿨,서울 강서구 방화대로 96,5.0,https://blog.naver.com/artdecogreen
487,부천 호텔,러쉬호텔,서울 강서구 강서로5나길 10-3,0.0,https://lushhotel.modoo.at/
488,부천 호텔,버닝호텔,서울 양천구 신정로11길 20 동일하이빌 206동 2501호,0.0,https://www.theburninghotel.com/
490,부천 호텔,서브웨이호텔 시흥,경기 시흥시 호현로10번길 15-3,0.0,https://subwayhotel.modoo.at/
494,부천 호텔,호텔런드리 화곡점,서울 강서구 화곡로 137 1층,0.0,https://www.hotel-laundry.com/
495,부천 호텔,메이필드호텔 코코노르스파,서울 강서구 방화대로 94 스위트동 지하1층,0.0,https://www.mayfield.co.kr/main/
513,부천 호텔,펀비어킹 부천상동고려호텔점,경기 부천시 원미구 소향로37번길 31-17 1층 103호,5.0,http://www.funbeerking.com/
515,부천 호텔,힘찬병원 부평점,인천 부평구 장제로 78 6층,3.0,https://himchangeneral.com/
516,부천 호텔,버니1,인천 부평구 경원대로1417번길 17-6,3.0,https://www.instagram.com/accounts/login/?next=https%3A%2F%2Fwww.instagram.com%2Fcch0928%2F&is_from_rle
522,부천 호텔,묘랑,인천 계양구 계양대로89번길 6 2층,5.0,https://www.instagram.com/accounts/login/?next=https%3A%2F%2Fwww.instagram.com%2Fmyorang_kittens%2F&is_from_rle
526,부천 호텔,라이프스타일S,서울 강서구 곰달래로 108,2.0,https://hwagoks.modoo.at/
527,부천 호텔,세븐일레븐 롯데시티호텔공항점,서울 강서구 하늘길 38,0.0,https://www.7-eleven.co.kr/
528,부천 호텔,신라면세점 김포공항점,서울 강서구 하늘길 38 국제선청사 3층,0.0,https://www.shilladfs.com/estore/kr/ko/?uiel=Desktop
530,부천 컨벤션,MJ컨벤션,경기 부천시 소사구 경인로 386 1층,4.3,http://mjcon.co.kr/
531,부천 컨벤션,소풍컨벤션웨딩부페,경기 부천시 원미구 송내대로 239 부천터미널 7층,3.2,http://www.sopoongwedding.co.kr/
536,부천 컨벤션,삼산월드컨벤션센터,인천 부평구 체육관로 60 1층,3.1,https://samsanconvention.modoo.at/
539,부천 컨벤션,투썸플레이스 부천MJ컨벤션점,경기 부천시 소사구 경인로 386 1층,3.4,https://www.twosome.co.kr/main.do
541,부천 컨벤션,선바람한복집,경기 부천시 소사구 경인로 386 MJ컨벤션 1층,1.5,https://www.instagram.com/accounts/login/?next=https%3A%2F%2Fwww.instagram.com%2Fseonbaram_hanbok%2F&is_from_rle
542,부천 컨벤션,영피티샵,경기 부천시 소사구 경인로 125 영웨딩컨벤션 6층,5.0,https://blog.naver.com/kgd628
543,부천 컨벤션,CN천년웨딩홀 계산점,인천 계양구 경명대로 1108,3.2,http://www.cngyesan.com/
547,부천 연수원,인천광역시 교통연수원,인천 계양구 경명대로 990,1.0,https://www.int.or.kr/
552,부천 연수원,대교HRD센터,경기 시흥시 소래산길 28,3.3,https://www.facebook.com/login/?next=https%3A%2F%2Fwww.facebook.com%2Fdaekyohrdcenter0313121211%2F
553,부천 연수원,국선도부천중동수련원,경기 부천시 원미구 길주로 276 무광오피스빌딩 805호,0.0,https://cafe.daum.net/bucheonsundo
557,부천 연수원,인천안마수련원,"인천 남동구 구월로 235 2,3층",0.0,https://www.anma.or.kr/
558,부천 연수원,자연숨결명상수련원,인천 계양구 계양산로 19 2층,0.0,https://blog.naver.com/dotong11
559,부천 연수원,신한 김포공항 ATM 김포공항연수원,서울 강서구 하늘길 260,0.0,https://www.shinhan.com/
563,시흥 호텔,웨이브엠호텔 웨스트,경기 시흥시 거북섬로 112 3층,4.4,https://wavemhotel.co.kr/
564,시흥 호텔,호텔시엘로,경기 시흥시 거북섬둘레길 5-7,4.7,http://www.hotelcielo.co.kr/
565,시흥 호텔,브라운도트호텔 거북섬지점,"경기 시흥시 거북섬1로 4 에스프라자 6,7층",4.4,http://www.siheung-browndot.com/
566,시흥 호텔,씨하이 호텔,경기 시흥시 오이도로135번길 72,3.4,https://seahihotel.com/
567,시흥 호텔,하운드호텔 거북섬점,경기 시흥시 거북섬1길 19 제일프라자1 6층 601~635호,4.3,https://blog.naver.com/houndhotel-turtle
569,시흥 호텔,호텔리브레,경기 시흥시 서촌상가3길 7-3,4.4,https://www.hotelsouthkorea.com/hotel-libre/
570,시흥 호텔,리브라이프호텔,경기 시흥시 중심상가1길 25,5.0,https://shlivlifehotel.modoo.at/
571,시흥 호텔,웨이브엠호텔 이스트,경기 시흥시 거북섬로 130 3층,0.0,https://wavemhotel.co.kr/
572,시흥 호텔,벨라지오호텔,경기 시흥시 연성로13번길 4,3.7,https://bellagiohotel.modoo.at/
574,시흥 호텔,호텔더베이21,경기 시흥시 오이도로 123-1,3.5,http://thebay21hotel.com/
577,시흥 호텔,파크마린호텔,"인천 남동구 소래역로 44 1층, 4~10층",3.8,http://parkmarinehotel.co.kr/ko/
578,시흥 호텔,호텔월,경기 안산시 단원구 선부광장로 85,3.5,https://ansanwolhotel.modoo.at/
579,시흥 호텔,라마다 바이 윈덤 인천,인천 남동구 소래역로 36 6-16층,3.6,https://ramadaincheon.com/
580,시흥 호텔,호텔카카오,인천 남동구 앵고개로948번길 48,4.6,http://hotelcacao.co.kr/
582,시흥 호텔,브라운도트 소래포구점,인천 남동구 소래역로 28 8층,3.8,https://pf.kakao.com/_RfQXK
584,시흥 호텔,글로스터호텔 인천,인천 남동구 소래역로 36,0.0,http://incheon.gloucester.co.kr/
585,시흥 호텔,폴로관광호텔,인천 남동구 앵고개로934번길 30,4.4,https://polotourismhotel.modoo.at/
586,시흥 호텔,에이치에비뉴 소래포구점,인천 남동구 소래역로46번길 28 대영로데오 8층,4.8,https://pf.kakao.com/_HwSxgs
587,시흥 호텔,호텔스퀘어 안산,경기 안산시 단원구 동산로 81,3.1,http://hotelsquare.co.kr/
588,시흥 호텔,엠블던호텔 웨딩&컨벤션,경기 안산시 단원구 중앙대로 869,4.0,http://embledonhotel.com/
590,시흥 호텔,안산 이화,경기 안산시 단원구 고잔1길 54,3.0,https://hoteliwha.modoo.at/
591,시흥 호텔,호텔지뜨,경기 시흥시 거북섬둘레길 1 8층,4.9,https://hotelgitemtv.modoo.at/
592,시흥 호텔,호텔더클래식,경기 시흥시 월곶중앙로70번안길 22,5.0,https://wghoteltheclassic.modoo.at/
593,시흥 호텔,웨스트레이븐호텔,경기 시흥시 옥터로 3,3.0,http://www.westravenoidohotel.co.kr/
594,시흥 호텔,에로스호텔,경기 시흥시 함송로14번길 13-7,3.0,https://eroshotel.modoo.at/
596,시흥 호텔,호텔웨이브,"경기 시흥시 거북섬둘레길 5-14 7,8층",4.8,https://shwave.modoo.at/
597,시흥 호텔,뉴로즈호텔,경기 시흥시 중심상가2길 22 로즈프라자 4-5층,4.3,https://newrosehotel.jalib.site/
598,시흥 호텔,T호텔,경기 시흥시 옥구상가4길 8-2,1.0,https://shthotel.modoo.at/
600,시흥 호텔,나비야호텔,경기 시흥시 월곶중앙로58번길 27,5.0,http://0313185306.tshome.co.kr/
601,시흥 호텔,유니크호텔28,경기 시흥시 월곶중앙로70번안길 28,2.0,https://wguniquehotel28.modoo.at/
602,시흥 호텔,월드호텔,경기 시흥시 평안상가5길 7-3,5.0,https://worldhote1l.modoo.at/
603,시흥 호텔,플럼호텔,경기 시흥시 평안상가4길 8-6,4.5,https://www.hotelsouthkorea.com/plum-hotel/
604,시흥 호텔,호텔야자 시흥정왕점,경기 시흥시 옥구상가4길 8-6,3.0,https://business.yanolja.com/web/kr/index
605,시흥 호텔,브라운도트호텔 월곶점,경기 시흥시 월곶중앙로70번안길 30,3.2,https://browdotwg.modoo.at/
608,시흥 호텔,더휴식 이로호텔 월곶지점,경기 시흥시 월곶중앙로70번안길 12,4.4,https://wolgotiro.modoo.at/
610,시흥 호텔,플러스호텔,경기 시흥시 월곶중앙로70번안길 35-1,0.0,https://www.instagram.com/accounts/login/?next=https%3A%2F%2Fwww.instagram.com%2Fplushotel6900%2F&is_from_rle
611,시흥 호텔,호텔연,경기 시흥시 월곶중앙로58번길 33,3.8,https://theyeon.modoo.at/
619,시흥 호텔,호텔세븐스텝 시흥정왕점,경기 시흥시 옥구상가4길 8-4,2.2,https://www.instagram.com/accounts/login/?next=https%3A%2F%2Fwww.instagram.com%2Fhotel_sevenstep_siheung%2F&is_from_rle
621,시흥 호텔,호텔 쿡,경기 시흥시 월곶중앙로46번길 28-11,2.3,http://hotel-cook.com/
622,시흥 호텔,에비뉴S호텔,경기 시흥시 월곶중앙로58번길 30,1.0,https://avenueshotel.modoo.at/
626,시흥 호텔,호텔RG,경기 시흥시 월곶중앙로70번안길 36,1.0,https://blog.naver.com/goodrest2018
630,시흥 호텔,서브웨이호텔 시흥,경기 시흥시 호현로10번길 15-3,0.0,https://subwayhotel.modoo.at/
640,시흥 호텔,호텔버스,경기 안산시 단원구 선부광장1로 14 광원빌딩 5층,3.0,https://bushotel.modoo.at/
641,시흥 호텔,아이비호텔,경기 안산시 단원구 선부광장로 91,4.7,https://asivy.modoo.at/
660,시흥 호텔,호텔스퀘어웨딩홀,경기 안산시 단원구 동산로 81,5.0,http://hotelsquare.co.kr/
661,시흥 호텔,더클래스호텔,경기 안산시 단원구 고잔1길 67 남경프라자 5층,3.0,http://theclasshotel.com/
668,시흥 호텔,호텔캐빈,경기 안산시 단원구 안산천서로 9 우진빌딩 501호,4.0,https://www.instagram.com/accounts/login/?next=https%3A%2F%2Fwww.instagram.com%2FKevin_hotel%2F&is_from_rle
670,시흥 호텔,호텔727,경기 안산시 단원구 광덕2로 58-14 1~6층,2.0,https://hotel727.modoo.at/
671,시흥 호텔,블루호텔,경기 안산시 단원구 고잔1길 48 천혜빌딩 5층,0.0,https://hotelblue.modoo.at/
678,시흥 호텔,호텔st25,경기 안산시 단원구 고잔1길 52 4층,3.2,https://asst.modoo.at/
688,시흥 호텔,하센나비야,경기 시흥시 서촌상가4길 2,3.0,https://www.hasengroup.com/
690,시흥 호텔,byTHS 발렌타인,경기 시흥시 월곶중앙로70번안길 14,5.0,https://ballantine.modoo.at/
694,시흥 호텔,투썸플레이스 오이도씨하이호텔점,경기 시흥시 오이도로135번길 72 오이도씨하이호텔 2층,3.1,https://www.twosome.co.kr/main.do
696,시흥 호텔,XYM 안산점,경기 안산시 단원구 고잔1길 63 상아프라자,3.0,http://www.xymfranchise.com/
698,시흥 컨벤션,JM컨벤션,경기 안산시 단원구 광덕4로 96 5층,3.0,https://xn--jm-o71jl9m7pu.itpage.kr/
699,시흥 컨벤션,엠블던호텔 웨딩&컨벤션,경기 안산시 단원구 중앙대로 869,4.0,http://embledonhotel.com/
700,시흥 컨벤션,더루체컨벤션,경기 안산시 단원구 중앙대로 829,4.0,http://www.the-luce.com/
703,시흥 컨벤션,앤텔레콤 고잔역점,"경기 안산시 단원구 광덕4로 96 제이엠 컨벤션웨딩홀 (구,디오)건물1층122호",0.0,https://ntelecomgojan.modoo.at/?link=cyd9nb8g
704,시흥 컨벤션,JM컨벤션,경기 안산시 단원구 광덕4로 96 5층,3.0,https://xn--jm-o71jl9m7pu.itpage.kr/
705,시흥 컨벤션,엠블던호텔 웨딩&컨벤션,경기 안산시 단원구 중앙대로 869,4.0,http://embledonhotel.com/
706,시흥 컨벤션,더루체컨벤션,경기 안산시 단원구 중앙대로 829,4.0,http://www.the-luce.com/
709,시흥 컨벤션,앤텔레콤 고잔역점,"경기 안산시 단원구 광덕4로 96 제이엠 컨벤션웨딩홀 (구,디오)건물1층122호",0.0,https://ntelecomgojan.modoo.at/?link=cyd9nb8g
711,시흥 연수원,대교HRD센터,경기 시흥시 소래산길 28,3.3,https://www.facebook.com/login/?next=https%3A%2F%2Fwww.facebook.com%2Fdaekyohrdcenter0313121211%2F
712,시흥 연수원,중소벤처기업진흥공단 중소벤처기업,경기 안산시 단원구 연수원로 87,5.0,https://kosmes.or.kr/intro/intro_real.html
714,시흥 연수원,한국화학안전협회 교육장,경기 안산시 단원구 동산로 63 3층,0.0,http://kcsaedu.onwayedu.co.kr/main/main.html
719,시흥 연수원,한국공공정책연수원 인천사무소,인천 남동구 청능대로 581,0.0,https://www.kifpp.com/
720,시흥 연수원,경기도검도수련원,경기 시흥시 봉화로 23,0.0,http://www.kyungkum.co.kr/
726,시흥 연수원,국선도 인천논현수련원,인천 남동구 논고개로 120 논현프라자 503호,0.0,https://www.kouksundo.com/
727,광명 호텔,라까사호텔 광명,경기 광명시 일직로12번길 22 라까사타워 7층,4.1,https://www.hotellacasa.kr/main/main_gwangmyeong.php
728,광명 호텔,테이크호텔,경기 광명시 신기로 22,3.9,https://www.take-hotel.com/
729,광명 호텔,JS부티크호텔,경기 광명시 오리로854번길 16-18,4.2,http://gmhotel.co.kr/index.php/ko/welcome
731,광명 호텔,골드리버호텔,서울 금천구 서부샛길 584,3.7,http://www.goldriverhotel.co.kr/html/main.asp
733,광명 호텔,라마다서울신도림호텔,서울 구로구 경인로 624,4.2,http://www.ramadasindorim.com/
734,광명 호텔,마인드호텔,서울 금천구 남부순환로 1262,4.0,http://mindhotel.co.kr/
735,광명 호텔,호텔 베르누이 서울,서울 구로구 경인로 229,3.9,https://www.bernoui.com/
736,광명 호텔,롯데시티호텔 구로,서울 구로구 디지털로 300,4.3,https://www.lottehotel.com/guro-city/ko.html
737,광명 호텔,포포인츠 바이쉐라톤 서울구로,서울 구로구 디지털로32길 72,4.0,https://www.marriott.com/en-us/hotels/selfu-four-points-seoul-guro/overview/
738,광명 호텔,코코모호텔,서울 구로구 새말로 20,3.7,http://www.hotelcocomo.com/main/main.php
740,광명 호텔,더 링크 서울 트리뷰트 포트폴리오,서울 구로구 경인로 610,4.1,http://thelinkseoul.com/
743,광명 호텔,컬리넌호텔 구로,서울 구로구 시흥대로 533,3.2,https://www.hotelsouthkorea.com/hotel-cullinan-guro
747,광명 호텔,와이씨앤티,서울 구로구 디지털로32길 72 포포인츠 바이 쉐라톤 서울 구로,0.0,https://www.instagram.com/accounts/login/?next=https%3A%2F%2Fwww.instagram.com%2Ffourpointsguro%2F&is_from_rle
748,광명 호텔,테이블엔조이,서울 구로구 디지털로26길 111,0.0,https://www.tablenjoy.com/
750,광명 호텔,CS프리미어호텔서울,서울 관악구 남부순환로 1458,3.5,https://www.instagram.com/accounts/login/?next=https%3A%2F%2Fwww.instagram.com%2Fcspremier_seoul%2F&is_from_rle
751,광명 호텔,코트야드 바이메리어트 서울타임스퀘어,서울 영등포구 영중로 15,3.8,https://www.marriott.com/ko/hotels/selcy-courtyard-seoul-times-square/overview/
753,광명 호텔,베니키아호텔카카오,서울 영등포구 경인로108길 15,2.3,https://www.hotelsouthkorea.com/benikea-hotel-kakao/
754,광명 호텔,메리어트 이그제큐티브아파트먼트 서울,서울 영등포구 여의대로 8,3.0,https://www.marriott.com/ko/hotels/seler-yeouido-park-centre-seoul-marriott-executive-apartments/overview/
755,광명 호텔,더 링크 서울 트리뷰트 포트폴리오,서울 구로구 경인로 610,4.1,http://thelinkseoul.com/
758,광명 호텔,컬리넌호텔 구로,서울 구로구 시흥대로 533,3.2,https://www.hotelsouthkorea.com/hotel-cullinan-guro
762,광명 호텔,와이씨앤티,서울 구로구 디지털로32길 72 포포인츠 바이 쉐라톤 서울 구로,0.0,https://www.instagram.com/accounts/login/?next=https%3A%2F%2Fwww.instagram.com%2Ffourpointsguro%2F&is_from_rle
763,광명 호텔,테이블엔조이,서울 구로구 디지털로26길 111,0.0,https://www.tablenjoy.com/
765,광명 호텔,CS프리미어호텔서울,서울 관악구 남부순환로 1458,3.5,https://www.instagram.com/accounts/login/?next=https%3A%2F%2Fwww.instagram.com%2Fcspremier_seoul%2F&is_from_rle
766,광명 호텔,코트야드 바이메리어트 서울타임스퀘어,서울 영등포구 영중로 15,3.8,https://www.marriott.com/ko/hotels/selcy-courtyard-seoul-times-square/overview/
768,광명 호텔,베니키아호텔카카오,서울 영등포구 경인로108길 15,2.3,https://www.hotelsouthkorea.com/benikea-hotel-kakao/
769,광명 호텔,메리어트 이그제큐티브아파트먼트 서울,서울 영등포구 여의대로 8,3.0,https://www.marriott.com/ko/hotels/seler-yeouido-park-centre-seoul-marriott-executive-apartments/overview/
770,광명 호텔,URBAN HOTEL&GOLF,서울 관악구 난곡로64길 5,4.2,https://booking.naver.com/booking/3/bizes/546481
772,광명 호텔,도미니크호텔,서울 관악구 남부순환로 1501,3.9,https://dominiquehotel.jalib.site/
773,광명 호텔,토요코인호텔 서울영등포점,서울 영등포구 신길로 293,4.3,https://www.toyoko-inn.com/korea/
776,광명 호텔,뜨랑블루호텔,서울 관악구 신림동7길 52,2.8,https://trangbluehotel.jalib.site/
777,광명 호텔,호텔브릿지,서울 영등포구 영등포로 9,2.8,http://hotelbridge.co.kr/
779,광명 호텔,공군호텔,서울 영등포구 여의대방로 259,4.2,https://www.airforcehotel.co.kr/
781,광명 호텔,핸드픽트호텔,서울 동작구 상도로 120,3.3,http://handpicked.kr/?ckattempt=2
782,광명 호텔,노바루스관광호텔,서울 영등포구 선유로 88-6 1층,4.0,http://www.xn--zb0b8a73vvtj85db9lc1zfwi.com/
787,광명 호텔,페어몬트 앰배서더 서울,서울 영등포구 여의대로 108,3.9,https://fairmont-seoul.com/
788,광명 호텔,글래드 여의도,서울 영등포구 의사당대로 16,3.6,https://www.glad-hotels.com/yeouido/index.do
790,광명 호텔,호텔로프트,서울 영등포구 선유동2로 72,4.5,http://lofthotel.maru.net/
791,광명 호텔,호텔 아벤트리 여의도,서울 영등포구 버드나루로 90,4.0,https://www.hotelskorean.com/hotel-aventree-yeouido
795,광명 호텔,에스호텔,경기 부천시 원미구 원미로17번길 28,4.0,https://shotel7.modoo.at/
796,광명 호텔,유니언호텔,서울 영등포구 양평로 136 유니언호텔,3.0,http://unionhotel.co.kr/
797,광명 호텔,콘래드 서울,서울 영등포구 국제금융로 10,3.7,https://www.conradseoul.co.kr/hub/ko/main.do
801,광명 호텔,코보스호텔,서울 영등포구 국회대로72길 9,3.1,http://www.koboshotel.com/html/main.asp
803,광명 호텔,라다호텔,서울 영등포구 여의대방로67길 18 스타빌딩 6층,3.2,https://blog.naver.com/pradahotel
804,광명 호텔,컴포트인 여의도,서울 영등포구 국회대로72길 7,4.0,http://www.comfortinnyeouido.co.kr/
806,광명 호텔,골든서울호텔,서울 강서구 공항대로 663,3.7,http://www.goldenseoul.com/
808,광명 호텔,54번가호텔,서울 관악구 관악로17길 19,2.6,https://54hotel.jalib.site/
809,광명 호텔,나이아가라호텔,서울 강서구 양천로 743,3.9,http://www.hotelniagara.co.kr/homepage/KOR/index/index
810,광명 호텔,위브스위트 선유파크사이드,서울 영등포구 양평로 132,0.0,https://www.weave-living.com/en
812,광명 호텔,W호텔,경기 광명시 범안로 988,4.0,http://www.whotel-gm.com/
813,광명 호텔,골든리버호텔,경기 광명시 소하로92번길 6-9 뉴골드프라자 4~7층,2.4,https://www.hotelsouthkorea.com/golden-river-hotel/
815,광명 호텔,루체호텔,경기 광명시 오리로854번길 16-15,2.0,https://lucehotel.modoo.at/
816,광명 호텔,G7호텔,경기 광명시 오리로984번길 43-1,2.0,https://gmg7motel.modoo.at/
818,광명 호텔,테이크호텔 에이치가든,경기 광명시 신기로 22 테이크호텔 4층,4.3,http://www.hgarden.co.kr/
821,광명 호텔,라까사호텔 광명 라까사키친,경기 광명시 일직로12번길 22,3.6,https://app.catchtable.co.kr/ct/shop/hotel_lacasa
827,광명 호텔,테이크호텔 EBS미디어스튜디오,경기 광명시 신기로 22 8층,0.0,https://www.instagram.com/accounts/login/?next=https%3A%2F%2Fwww.instagram.com%2Ftake_ebs_media_studio%2F&is_from_rle
832,광명 호텔,호텔웨어,서울 금천구 가산디지털1로 168 우림라이온스밸리 A동 608호,0.0,http://www.hotelwear.co.kr/
835,광명 호텔,리치호텔,서울 금천구 가산로 153,1.7,https://gasanrichmotel.modoo.at/
836,광명 호텔,쎄비앙호텔,서울 구로구 경인로22길 37,3.7,https://cebienhotel.modoo.at/
837,광명 호텔,더링크호텔 서울 웨딩,서울 구로구 경인로 610,3.9,http://www.thelinkseoul.com/
838,광명 호텔,엠디호텔 독산점,서울 금천구 시흥대로 315,3.0,https://www.mdhoteldoksan.com/page/main.php
839,광명 호텔,호텔런드리 독산점,서울 금천구 두산로3길 16 유원블리스독산 101동 1층 101호,0.0,https://m.blog.naver.com/wooddy61/223598798458
840,광명 호텔,라마다서울신도림호텔 웨딩,서울 구로구 경인로 624,3.8,http://www.ramadasindorim.com/
844,광명 호텔,노벰버호텔,서울 구로구 공원로6가길 20,5.0,https://place-site.yanolja.com/places/1000099892
848,광명 호텔,호텔업,서울 금천구 가산디지털1로 5 대륭테크노타운20차 18층 1807호,0.0,https://www.hotelup.com/
852,광명 호텔,호텔엔조이,서울 구로구 디지털로26길 61 에이스하이엔드타워2차 18층,0.0,https://www.hotelnjoy.com/svc/main/
854,광명 호텔,롯데시티호텔구로 테라스,서울 구로구 디지털로 300 3층,0.0,https://www.lottehotel.com/guro-city/ko/dining/the-terrace-bar.html
857,광명 호텔,코업호텔 서울분양사업본부,서울 구로구 새말로 97 신도림테크노마트 3층,0.0,http://xn--vk1boo94v8ritnm21cn4l.urr.kr/
858,광명 호텔,해군호텔 W웨딩홀,서울 영등포구 가마산로 538,4.1,https://navywedding.co.kr/
859,광명 호텔,버닝호텔,서울 양천구 신정로11길 20 동일하이빌 206동 2501호,0.0,https://www.theburninghotel.com/
861,광명 호텔,아도호텔,서울 양천구 오목로 153,4.5,https://blog.naver.com/adohotel
863,광명 호텔,호텔 아하바,서울 영등포구 영중로8길 7,1.8,https://www.hotelskorean.com/hotel-ahava/
864,광명 호텔,라이프스타일호텔,서울 영등포구 경인로108길 8,1.9,http://www.lifestylehotel.co.kr/
865,광명 호텔,부띠크 호텔SB,서울 영등포구 영중로4길 36,1.3,https://www.hotelsouthkorea.com/boutique-hotel-sb-yeouido/
866,광명 호텔,호텔아이리스,서울 영등포구 영등포로42길 8-5,4.3,https://www.hotelsouthkorea.com/yeongdeungpo-iris
867,광명 호텔,호텔초콜렛,서울 강서구 강서로5가길 24,2.3,https://hgchocolate.modoo.at/
868,광명 호텔,호텔볼,서울 강서구 강서로5나길 30,3.0,https://hotelvoll.modoo.at/
869,광명 호텔,호텔데쟈트,서울 영등포구 영중로4길 9-6,4.0,https://www.instagram.com/accounts/login/?next=https%3A%2F%2Fwww.instagram.com%2Fdesarts_hotel%2F&is_from_rle
870,광명 호텔,공군호텔 웨딩홀,서울 영등포구 여의대방로 259,3.7,http://www.skyconventioncenter.co.kr/
871,광명 호텔,신트라호텔,서울 관악구 신림로66길 16,2.3,https://www.sintrahotel.kr/
872,광명 호텔,러쉬호텔,서울 강서구 강서로5나길 10-3,0.0,https://lushhotel.modoo.at/
873,광명 호텔,BLVD 오라비지니스호텔,서울 영등포구 영등포로 264-11,2.9,https://orahotel.modoo.at/
876,광명 호텔,호텔포도,서울 관악구 신림로64길 16,1.4,https://www.hotelsouthkorea.com/sillim-podo/
878,광명 호텔,호텔 나이스타임,서울 관악구 신림로64길 28,4.5,https://nicetimehotel.modoo.at/
879,광명 호텔,호텔야자 영등포점,서울 영등포구 영중로10길 43,2.3,https://www.hotelskorean.com/hotel-yaja-yeongdeungpo/
881,광명 호텔,호텔리더스,서울 영등포구 영중로10길 45,2.3,https://www.hotelskorean.com/hotel-leaders/
888,광명 호텔,호텔엔,서울 강서구 곰달래로 76,3.4,https://haanne.modoo.at/
889,광명 호텔,호텔CC,서울 영등포구 영중로6길 23-6 1층,2.1,https://yeongdeungpohotelcc.modoo.at/
892,광명 호텔,호텔런드리 보라매점,서울 관악구 신림동길 32 1층,0.0,https://www.hotel-laundry.com/
895,광명 호텔,호텔런드리 신림점,서울 관악구 봉천로4길 25,0.0,https://www.hotel-laundry.com/
896,광명 호텔,호텔야자 역곡역점,경기 부천시 소사구 경인로497번길 12,1.5,https://business.yanolja.com/web/kr/index
897,광명 호텔,호텔야자 신림1호점,서울 관악구 신림로66길 19,1.4,https://place-site.yanolja.com/places/24709
901,광명 호텔,코트야드바이 메리어트호텔 모모바,서울 영등포구 영중로 15 5층,3.5,https://www.marriott.com/en-us/hotels/selcy-courtyard-seoul-times-square/overview/?EM=DNM_COURTYARDSEOUL.COM
902,광명 호텔,호텔런드리 신길점,서울 영등포구 도신로60길 8,4.5,https://www.hotel-laundry.com/
911,광명 호텔,고양이호텔 윤집사,경기 부천시 소사구 경인옛로 138-5 sun빌딩 3층,5.0,https://blog.naver.com/yunshotel
912,광명 호텔,에프호텔,서울 영등포구 경인로108길 8,1.0,https://www.hotelsouthkorea.com/f-hotel-yeongdeungpo/
917,광명 호텔,호텔벤,경기 부천시 원미구 부일로506번길 30,3.0,https://hotelben.modoo.at/
918,광명 호텔,호텔런드리 서울대학점,서울 관악구 대학10길 40,0.0,https://www.hotel-laundry.com/
919,광명 호텔,I호텔,서울 영등포구 경인로108길 10,1.0,https://ydplifestylei.modoo.at/
921,광명 호텔,부천 노블레스호텔,경기 부천시 원미구 부천로10번길 49,3.6,http://noblessehotel.kr/
922,광명 호텔,핸드픽트호텔 나루,서울 동작구 상도로 120,3.1,http://handpicked.kr/
924,광명 호텔,호텔런드리 봉천점,서울 관악구 장군봉2길 29 팰리스,0.0,https://www.hotel-laundry.com/
930,광명 호텔,시애틀호텔 부천점,경기 부천시 원미구 부천로2번길 33,3.7,https://bcseattlehotel.modoo.at/
931,광명 호텔,호텔캣츠,경기 부천시 원미구 원미로17번길 36,2.0,https://hotelcats.modoo.at/
938,광명 호텔,켄싱턴호텔 여의도 브로드웨이,서울 영등포구 국회대로76길 16,4.3,https://www.kensington.co.kr/
944,광명 호텔,호텔리버트리,서울 영등포구 선유로54길 1,0.0,https://hotelrivertree.modoo.at/
946,광명 호텔,냥이호텔러브캣,서울 강서구 곰달래로 268 4층,0.0,https://lovecathotel.modoo.at/
958,광명 호텔,켄싱턴호텔 여의도 뉴욕뉴욕,서울 영등포구 국회대로76길 16 1층,4.6,https://www.kensington.co.kr/hyd/dining/detail?idx=29
961,광명 호텔,호텔노블,서울 동작구 장승배기로22길 6,3.0,https://www.hotelsouthkorea.com/hotel-noble-noryangjin/
965,광명 호텔,호텔런드리 화곡점,서울 강서구 화곡로 137 1층,0.0,https://www.hotel-laundry.com/
970,광명 호텔,돈키호텔,경기 부천시 원미구 부일로432번길 36,3.0,https://bcdonkey1.modoo.at/
972,광명 호텔,호텔런드리 서울대입구점,서울 관악구 쑥고개로 118 1층,3.4,https://www.hotel-laundry.com/
973,광명 호텔,켄싱턴호텔 여의도 샹하오,서울 영등포구 국회대로76길 16 2층,4.0,https://www.kensington.co.kr/
974,광명 호텔,꿈꾸는고양이호텔,서울 강서구 등촌로39길 14 2층,5.0,https://dreamcathotel.modoo.at/
977,광명 호텔,호텔야자 강서구청점,서울 강서구 화곡로 248-8,1.7,https://place-site.yanolja.com/places/100160/
980,광명 호텔,호텔얌 부천역점,경기 부천시 원미구 부일로 444-17,4.8,https://business.yanolja.com/web/kr/index
983,광명 호텔,더한옥호텔앤리조트 본사,서울 영등포구 은행로 3 익스콘벤처타워오피스텔 8층,0.0,https://www.thehanokhotel.com/
984,광명 호텔,폭스호텔,서울 관악구 관악로 208-4,2.5,https://fox1.modoo.at/
987,광명 호텔,호텔런드리 샤로수길점,서울 관악구 남부순환로228길 69,0.0,https://www.hotel-laundry.com/
988,광명 호텔,켄싱턴호텔 여의도 더뷰라운지,서울 영등포구 국회대로76길 16 14층,5.0,https://www.kensington.co.kr/
991,광명 호텔,호텔링크,서울 동작구 장승배기로 153-3,0.0,https://www.hotellink.co.kr/main/
1004,광명 호텔,파크원호텔매니지먼트,서울 영등포구 여의대로 108,0.0,https://fairmont-seoul.com/
1007,광명 호텔,에이티호텔 매니지먼트,서울 영등포구 여의동로 213,0.0,https://www.athotels.com/
1008,광명 호텔,구로JS호스텔,서울 구로구 남부순환로105길 32,4.4,https://www.hotelsouthkorea.com/js-hotel/
1009,광명 호텔,스타벅스 구로호텔점,서울 구로구 디지털로32길 72 구로호텔 1층,3.9,https://www.starbucks.co.kr/index.do
1011,광명 호텔,한솥도시락 구로호텔점,서울 구로구 디지털로32가길 16 파트너스타워 2차 1층 102호,3.3,https://www.hsd.co.kr/
1012,광명 호텔,고마워케이크 롯데시티호텔점,서울 구로구 디지털로 300 롯데시티호텔 구로 1층,3.0,http://doredore.co.kr/
1016,광명 호텔,라이프스타일S,서울 강서구 곰달래로 108,2.0,https://hwagoks.modoo.at/
1019,광명 호텔,세븐일레븐 여의도메리어트호텔점,서울 영등포구 여의대로 8 여의도파크센터 지하1층 비115호,2.6,https://www.7-eleven.co.kr/
1020,광명 호텔,굿데이모텔 선유도역점,서울 영등포구 양평로 104 2층,3.2,https://gooddayminihotel.modoo.at/
1022,광명 호텔,더코노셔레지던스,서울 영등포구 국회대로68길 24,4.2,https://theconnoisseur.co.kr/kor/index.do
1023,광명 호텔,피에스타PC방 신림WD호텔점,서울 관악구 신림로 349 4층,1.5,https://blog.naver.com/torisman/
1032,광명 호텔,파크원플라워 페어몬트 앰배서더 서울 지점,서울 영등포구 여의대로 108 지하1층,1.0,https://blog.naver.com/parc1flower
1033,광명 호텔,에이치앤아이피,서울 영등포구 국회대로72길 22 가든빌딩 3층 303호,0.0,https://www.hnip.kr/
1035,광명 컨벤션,광명무역센터컨벤션,경기 광명시 일직로 72 광명무역센터 B동 3층,4.3,http://www.gtcwed.co.kr/
1036,광명 컨벤션,광명역사컨벤션웨딩홀,경기 광명시 광명역로 21 지하1층,3.6,https://www.gwed.co.kr/
1037,광명 컨벤션,지타워컨벤션,서울 구로구 디지털로26길 38 지타워몰 2층,4.3,http://www.g-towerconvention.kr/
1041,광명 컨벤션,MJ컨벤션,경기 부천시 소사구 경인로 386 1층,4.3,http://mjcon.co.kr/
1043,광명 컨벤션,더에스비웨딩컨벤션,서울 동작구 보라매로5길 15 전문건설회관 3층,4.4,http://www.felicityconvention.com/build/main.do
1044,광명 컨벤션,여의도웨딩컨벤션,서울 영등포구 여의대로 14 KT여의도사옥 1~3층,3.2,http://www.ywedding.co.kr/
1046,광명 컨벤션,그랜드컨벤션센터,서울 영등포구 양평로 58,3.0,http://www.grandconvention.co.kr/
1048,광명 컨벤션,JK아트컨벤션 아트리움홀,서울 영등포구 문래로 164 SK리더스뷰 A동 4층,0.0,http://www.jkart.co.kr/
1051,광명 컨벤션,268. 그랜드컨벤션센터 앞,서울 영등포구 당산동5가 33-4,0.0,https://www.bikeseoul.com/
1055,광명 컨벤션,그랜드컨벤션센터,서울 영등포구 양평로 58,3.0,http://www.grandconvention.co.kr/
1057,광명 컨벤션,JK아트컨벤션 아트리움홀,서울 영등포구 문래로 164 SK리더스뷰 A동 4층,0.0,http://www.jkart.co.kr/
1060,광명 컨벤션,268. 그랜드컨벤션센터 앞,서울 영등포구 당산동5가 33-4,0.0,https://www.bikeseoul.com/
1064,광명 컨벤션,투썸플레이스 부천MJ컨벤션점,경기 부천시 소사구 경인로 386 1층,3.4,https://www.twosome.co.kr/main.do
1065,광명 컨벤션,반 고흐 더 이머시브,경기 광명시 일직로 43 광명 GIDC A동 지하2층 컨벤션,1.3,https://exhibitionhub.co.kr/
1066,광명 컨벤션,루다,경기 광명시 일직로 72 광명무역센터컨벤션 B동 1층 115호,5.0,https://www.instagram.com/accounts/login/?next=https%3A%2F%2Fwww.instagram.com%2Fruda_izakaya%2F&is_from_rle
1067,광명 컨벤션,한국금형기술사회,경기 광명시 일직로 72 광명무역센터컨벤션 A동 1721호,0.0,http://www.moldpe.or.kr/
1068,광명 컨벤션,ICS,서울 영등포구 대림로34마길 11,0.0,http://ics-korea.co.kr/
1072,광명 컨벤션,선바람한복집,경기 부천시 소사구 경인로 386 MJ컨벤션 1층,1.5,https://www.instagram.com/accounts/login/?next=https%3A%2F%2Fwww.instagram.com%2Fseonbaram_hanbok%2F&is_from_rle
1073,광명 컨벤션,버거킹 당산역점,서울 영등포구 양평로 58 그랜드컨벤션센터 1층,2.7,https://www.burgerking.co.kr/#/home
1074,광명 컨벤션,트레져스아이스하키,서울 영등포구 여의서로 160 서울마리나컨벤션센터 2층 더로드아이스링크,0.0,https://blog.naver.com/treasures_team
1077,광명 연수원,현대건설기술교육원,서울 영등포구 도림천로19길 12-2 현대건설(주)기술교육원,3.0,https://edu.hdec.co.kr/web/default.aspx
1078,광명 연수원,T셀파 원격교육연수원,서울 금천구 가산로9길 54,0.0,https://edu.tsherpa.co.kr/
1081,광명 연수원,금천진로진학지원센터 시흥센터,서울 금천구 시흥대로73길 67 505~507호,0.0,https://www.edugeumcheon.or.kr/
1082,광명 연수원,SPC미래창조원,서울 동작구 신대방16다길 14,3.0,https://spcsamlip.co.kr/
1085,광명 연수원,금융투자교육원,서울 영등포구 여의나루로 67-8,2.5,https://www.kifin.or.kr/common/greeting/main.do
1086,광명 연수원,한국교원연수원,서울 영등포구 영신로 220 KNK디지털타워 906호,0.0,https://www.hstudy.co.kr/
1087,광명 연수원,국민안전교육연수원,서울 동작구 여의대방로24길 65,0.0,http://nsetisafekorea.kr/
1088,광명 연수원,한국경영인증원 핵심역량연수센터,서울 영등포구 경인로 775 에이스하이테크시티 1동 212호,0.0,https://www.ikmr.co.kr/
1091,광명 연수원,KMA한국능률협회 여의도연수센터,서울 영등포구 의사당대로 22 이룸센터 10층,0.0,https://www.kma.or.kr/kr/main.do
1093,광명 연수원,대교HRD센터,경기 시흥시 소래산길 28,3.3,https://www.facebook.com/login/?next=https%3A%2F%2Fwww.facebook.com%2Fdaekyohrdcenter0313121211%2F
1095,광명 연수원,예라고,서울 영등포구 국제금융로2길 37 S-Trenue,0.0,http://www.yerago.co.kr/construction/index.html
1101,광명 연수원,광명하안수련원,경기 광명시 하안로288번길 2 금성빌딩 4층,0.0,https://cafe.daum.net/gmhaan
1102,광명 연수원,간호교육연수원,서울 금천구 가산디지털2로 184,0.0,https://www.ganhohak.co.kr/
1103,광명 연수원,한국경영인재연수원,서울 금천구 가산디지털1로 168 우림라이온스밸리 C동 207호,0.0,https://www.mafiaedu.com/
1114,광명 연수원,현대자동차 남부하이테크센터,서울 동작구 노량진로 53,2.6,https://www.hyundai.com/kr/ko/e
1115,광명 연수원,마음수련 목동명상센터,서울 양천구 등촌로 2 가인빌딩 6층,5.0,http://www.meditationlife.org/
1120,광명 연수원,국선도 여의도수련원,서울 영등포구 국제금융로8길 34 10층,0.0,http://www.choose-happiness.com/
1123,안산 호텔,호텔아우라,경기 안산시 상록구 양지편로 10,3.3,https://www.hotelaura.co.kr/main/main.php
1124,안산 호텔,호텔스퀘어 안산,경기 안산시 단원구 동산로 81,3.1,http://hotelsquare.co.kr/
1125,안산 호텔,엠블던호텔 웨딩&컨벤션,경기 안산시 단원구 중앙대로 869,4.0,http://embledonhotel.com/
1126,안산 호텔,워커스 호텔 안산 by 아늑,경기 안산시 상록구 성호로1길 12-4,4.6,https://contentshotel.com/workers-ansan
1127,안산 호텔,호텔클로버,경기 안산시 상록구 양지편로 22 2~9층,4.3,https://hotelclover.modoo.at/
1128,안산 호텔,서원관광호텔,경기 안산시 상록구 서암로 8 1층,4.0,https://seowonhotel.modoo.at/
1130,안산 호텔,호텔월,경기 안산시 단원구 선부광장로 85,3.5,https://ansanwolhotel.modoo.at/
1133,안산 호텔,3S호텔,경기 안산시 상록구 서암로2길 11 2~5층,3.6,http://www.3shotel.com/
1134,안산 호텔,더그레이호텔,"경기 안산시 상록구 본삼로 21 상록빌딩 4,5층",3.3,https://thegrayansan.modoo.at/
1136,안산 호텔,안산 이화,경기 안산시 단원구 고잔1길 54,3.0,https://hoteliwha.modoo.at/
1139,안산 호텔,벨라지오호텔,경기 시흥시 연성로13번길 4,3.7,https://bellagiohotel.modoo.at/
1140,안산 호텔,대부도호텔마리나,경기 안산시 단원구 사근여길 5,4.6,https://hoteldaebudo.kr/
1142,안산 호텔,바인호텔,경기 안산시 상록구 상록수로 22,4.0,http://www.hotelvine.net/
1143,안산 호텔,호텔박스,경기 안산시 단원구 광덕2로 164-10 1~5층,5.0,https://boxhotel.modoo.at/
1144,안산 호텔,헤르메스호텔,경기 안산시 상록구 양지편1길 9,4.4,https://ashermeshotel.modoo.at/
1145,안산 호텔,에스엘부티크호텔,경기 안산시 상록구 성호로1길 4-5,4.9,https://slboutique.modoo.at/
1147,안산 호텔,호텔버스,경기 안산시 단원구 선부광장1로 14 광원빌딩 5층,3.0,https://bushotel.modoo.at/
1148,안산 호텔,마리호텔,경기 안산시 상록구 선진4길 29 4~6층,4.3,https://asmarihotel.modoo.at/
1149,안산 호텔,아이비호텔,경기 안산시 단원구 선부광장로 91,4.7,https://asivy.modoo.at/
1151,안산 호텔,호텔727,경기 안산시 단원구 광덕2로 58-14 1~6층,2.0,https://hotel727.modoo.at/
1153,안산 호텔,더클래스호텔,경기 안산시 단원구 고잔1길 67 남경프라자 5층,3.0,http://theclasshotel.com/
1155,안산 호텔,호텔캐빈,경기 안산시 단원구 안산천서로 9 우진빌딩 501호,4.0,https://www.instagram.com/accounts/login/?next=https%3A%2F%2Fwww.instagram.com%2FKevin_hotel%2F&is_from_rle
1157,안산 호텔,호텔반트 안산점,"경기 안산시 상록구 상록수로 44 상림프라자 4,5층",3.7,https://vanthotel.modoo.at/
1164,안산 호텔,호텔런드리 한양대학로점,경기 안산시 상록구 학사7길 1,0.0,https://www.hotel-laundry.com/
1167,안산 호텔,호텔스퀘어웨딩홀,경기 안산시 단원구 동산로 81,5.0,http://hotelsquare.co.kr/
1181,안산 호텔,블루호텔,경기 안산시 단원구 고잔1길 48 천혜빌딩 5층,0.0,https://hotelblue.modoo.at/
1188,안산 호텔,호텔st25,경기 안산시 단원구 고잔1길 52 4층,3.2,https://asst.modoo.at/
1204,안산 호텔,뷰티호텔(BEAUTY HOTEL),경기 안산시 상록구 건건8길 2,0.0,https://hotelbeauty.modoo.at/
1211,안산 호텔,플럼호텔,경기 시흥시 평안상가4길 8-6,4.5,https://www.hotelsouthkorea.com/plum-hotel/
1212,안산 호텔,월드호텔,경기 시흥시 평안상가5길 7-3,5.0,https://worldhote1l.modoo.at/
1217,안산 호텔,XYM 안산점,경기 안산시 단원구 고잔1길 63 상아프라자,3.0,http://www.xymfranchise.com/
1223,안산 호텔,프렌즈스크린 서원호텔점,경기 안산시 상록구 서암로 8 지하2층 1호,0.0,https://www.friendsscreen.kr/
1225,안산 컨벤션,AW컨벤션,경기 안산시 단원구 광덕1로 171,3.9,http://www.awcon.co.kr/
1226,안산 컨벤션,JM컨벤션,경기 안산시 단원구 광덕4로 96 5층,3.0,https://xn--jm-o71jl9m7pu.itpage.kr/
1227,안산 컨벤션,엠블던호텔 웨딩&컨벤션,경기 안산시 단원구 중앙대로 869,4.0,http://embledonhotel.com/
1228,안산 컨벤션,더루체컨벤션,경기 안산시 단원구 중앙대로 829,4.0,http://www.the-luce.com/
1229,안산 컨벤션,게스트하우스컨벤션,경기 안산시 상록구 한양대학로 55,4.0,http://www.ec-convention.co.kr/
1232,안산 컨벤션,앤텔레콤 고잔역점,"경기 안산시 단원구 광덕4로 96 제이엠 컨벤션웨딩홀 (구,디오)건물1층122호",0.0,https://ntelecomgojan.modoo.at/?link=cyd9nb8g
1233,안산 컨벤션,인테그라디앤씨,경기 안산시 상록구 한양대학로 55 에리카컨벤션센터 703호,0.0,https://www.integradnc.com/
1234,안산 컨벤션,신성아이씨티,경기 안산시 상록구 한양대학로 55 컨벤션센터 615호,0.0,http://ksict.com/
1237,안산 컨벤션,나누,경기 안산시 상록구 한양대학로 55 컨벤션센터 6층 613호,0.0,https://econanu.com/default/
1238,안산 연수원,중소벤처기업진흥공단 중소벤처기업,경기 안산시 단원구 연수원로 87,5.0,https://kosmes.or.kr/intro/intro_real.html
1241,안산 연수원,한국화학안전협회 교육장,경기 안산시 단원구 동산로 63 3층,0.0,http://kcsaedu.onwayedu.co.kr/main/main.html
1247,안산 연수원,베르아델인재개발원,경기 안산시 상록구 광덕1로 350 신도프라자 4층,0.0,http://beradeledu.com/
1263,파주 호텔,호텔시에나,경기 파주시 소리천로 31,3.1,http://www.hotelsienna.com/
1264,파주 호텔,골든힐호텔,경기 파주시 탄현면 성동로 36-30,3.7,http://www.goldenhillhotel.co.kr/?ckattempt=1
1265,파주 호텔,파크뷰테라스호텔,경기 파주시 소리천로 39,3.7,https://pvterrace.co.kr/kor/index.do
1266,파주 호텔,케이힐스더테라스,경기 파주시 심학산로 628,2.7,https://www.khills.co.kr/
1267,파주 호텔,메이트호텔,경기 파주시 탄현면 엘씨디로241번길 39-35,4.0,http://www.matehotelpaju.com/
1268,파주 호텔,프롬에이치 소도호텔 파주,경기 파주시 원앙길 8-8,3.5,https://www.instagram.com/accounts/login/?next=https%3A%2F%2Fwww.instagram.com%2Fsodohotel.official%2F&is_from_rle
1270,파주 호텔,그라체호텔,경기 파주시 새꽃로 176,3.5,http://graziehotel.co.kr/
1281,파주 호텔,칼튼호텔,경기 파주시 탄현면 성동로 34,4.5,https://carltonhotel.jalib.site/
1282,파주 호텔,웨스트힐호텔,경기 파주시 탄현면 요풍길 68-16,3.7,https://westhillhotel.jalib.site/
1283,파주 호텔,마리호텔,경기 파주시 중앙로 266,2.2,http://pajumarihotel.com/
1284,파주 호텔,야놀다가자호텔,경기 파주시 소리천로 25 유은타워7차 4층 414호,1.5,https://yaplaygo.modoo.at/
1285,파주 호텔,브라운도트호텔 파주금촌점,경기 파주시 문화로 82,3.5,https://pajubrowndothotel.modoo.at/
1288,파주 호텔,호텔소풍,경기 파주시 탄현면 요풍길 119-1,4.0,http://hotel-sopoong.com/
1289,파주 호텔,Q호텔,경기 파주시 탄현면 샘철길 22,1.0,https://www.pajuqhotel.com/
1291,파주 호텔,호텔얌 파주금촌점,경기 파주시 금정20길 15-8,3.6,https://pajuyam.modoo.at/
1296,파주 호텔,칼튼호텔,경기 파주시 탄현면 성동로 34,4.5,https://carltonhotel.jalib.site/
1297,파주 호텔,웨스트힐호텔,경기 파주시 탄현면 요풍길 68-16,3.7,https://westhillhotel.jalib.site/
1298,파주 호텔,마리호텔,경기 파주시 중앙로 266,2.2,http://pajumarihotel.com/
1299,파주 호텔,야놀다가자호텔,경기 파주시 소리천로 25 유은타워7차 4층 414호,1.5,https://yaplaygo.modoo.at/
1300,파주 호텔,브라운도트호텔 파주금촌점,경기 파주시 문화로 82,3.5,https://pajubrowndothotel.modoo.at/
1303,파주 호텔,호텔소풍,경기 파주시 탄현면 요풍길 119-1,4.0,http://hotel-sopoong.com/
1304,파주 호텔,Q호텔,경기 파주시 탄현면 샘철길 22,1.0,https://pajuqhotel.com/?ckattempt=1
1306,파주 호텔,호텔얌 파주금촌점,경기 파주시 금정20길 15-8,3.6,https://pajuyam.modoo.at/
1311,파주 호텔,윈저호텔,경기 파주시 원앙길 6,3.3,https://cafe.daum.net/windsorhotel
1312,파주 호텔,호텔CC,경기 파주시 탄현면 엘씨디로241번길 39-45,3.0,https://hotelcc.modoo.at/
1314,파주 호텔,스위치호텔,경기 파주시 금정14길 41-9 1~6층,5.0,https://switchhotel.modoo.at/
1330,파주 호텔,버킹검호텔,경기 양주시 백석읍 기산로 462-1,0.0,https://blog.naver.com/ds1gwt
1333,파주 호텔,퍼피호텔,경기 양주시 백석읍 기산로440번길 84 퍼피호텔,5.0,https://puppyhotel.co.kr/
1346,파주 호텔,피카소,경기 파주시 탄현면 성동로 34,3.4,http://picassohotel.tshome.co.kr/
1353,파주 연수원,경기도교육청율곡연수원,경기 파주시 법원읍 자운서원로 184,0.0,https://www.yulgog.org/
1354,파주 연수원,영산수련원,경기 파주시 조리읍 등원로391번길 40,4.0,https://www.fgcamp.com/
1355,파주 연수원,홍원연수원,경기 파주시 조리읍 삼릉로 53,0.0,http://www.hongwontc.or.kr/
1356,파주 연수원,파주솔수양관,경기 파주시 법원읍 파평산로 100,3.3,http://pajusol.com/main/main.php
1363,파주 연수원,영산수련원 별관,경기 파주시 조리읍 등원로391번길 40,5.0,https://www.fgcamp.com/index.php
1365,파주 연수원,모이야,경기 파주시 경의로 1114 에펠타워 4층 405호,0.0,http://www.moiya.co.kr/
1368,파주 연수원,삼성화재 글로벌캠퍼스,경기 고양시 일산동구 문원길 135,3.4,https://www.samsungfire.com/
1370,파주 연수원,크라운해태연수원,경기 양주시 백석읍 권율로 721,1.0,http://www.ch-academy.co.kr/home/index.php
1372,파주 연수원,NH인재원,경기 고양시 일산동구 문원길 71,0.0,https://www.nhleaders.com/leaders/index.nh
1380,고양 호텔,어반이스트호텔,경기 고양시 덕양구 고양대로 1725,4.1,https://www.hotelsouthkorea.com/urban-est-hotel/
1381,고양 호텔,소노캄고양 웨스트타워,경기 고양시 일산동구 태극로 18,3.6,https://www.sonohotelsresorts.com/calm_gy
1382,고양 호텔,호텔더윈,경기 고양시 덕양구 원흥3로 6-14,4.7,https://hotelthewynn.modoo.at/
1383,고양 호텔,페이지호텔,경기 고양시 덕양구 화신로 271,3.2,https://m.booking.naver.com/booking/3/bizes/862925?area=plt
1384,고양 호텔,퀸타운호텔,경기 고양시 일산동구 정발산로 39 대양빌딩 8~10층,2.2,http://queentownhotel.com/
1385,고양 호텔,호텔그라체,경기 고양시 일산서구 산현로17번길 7-30 1~6층,4.8,http://graziehotel.com/layout/res/home.php?go=main
1396,고양 호텔,호텔 클라움,경기 고양시 일산서구 중앙로 1559-11,4.3,http://hotelklaum.kr/
1397,고양 호텔,클레오파트라호텔,경기 고양시 일산동구 장백로 34,3.6,https://www.agoda.com/ko-kr/ko-kr/cleopatra-hotel/hotel/goyang-si-kr.html?cid=1555740&ds=ouAlh2kkQQJ3b%2Bdl
1398,고양 호텔,고양호텔유지,경기 고양시 덕양구 충장로 23,3.7,https://yujihotel.modoo.at/
1399,고양 호텔,부티크호텔k,경기 고양시 일산동구 무궁화로 31-9,3.2,https://blog.naver.com/hotelk_ilsan
1402,고양 호텔,블랑호텔,경기 고양시 일산동구 중앙로 1194 금강프라자 6층,3.1,http://blanchotel.co.kr/
1403,고양 호텔,일산신트라호텔,경기 고양시 일산서구 중앙로 1559-15,4.9,http://www.sintrahotel-ilsan.co.kr/
1404,고양 호텔,리치호텔,경기 고양시 일산서구 강성로 249,2.6,http://richhotel3.dgweb.kr/
1405,고양 호텔,라트리호텔 일산대화역,경기 고양시 일산서구 중앙로 1560-22,2.5,http://ilsanlatree.co.kr/
1408,고양 호텔,호텔미라벨,경기 고양시 일산동구 중앙로 1056,0.0,https://mirabelhotel.modoo.at/
1409,고양 호텔,더휴식 아늑호텔 일산탄현점,경기 고양시 일산서구 일현로41번길 8-32,4.3,https://aankilsan.modoo.at/
1410,고양 호텔,넘버25호텔 일산원당점,경기 고양시 덕양구 고양시청로 30-6,1.1,https://wondangnumber25.modoo.at/
1412,고양 호텔,호텔사이버,경기 고양시 덕양구 무원로6번길 35,2.7,https://blog.naver.com/cyberhotel
1413,고양 호텔,호텔니꼬,경기 고양시 일산서구 일현로41번길 8-36,2.8,https://isnikko.modoo.at/?link=cp4i9psv
1416,고양 호텔,호텔아망,경기 고양시 덕양구 원당로 117,3.5,http://hotelamant.com/
1420,고양 호텔,호텔야자 화정역점,"경기 고양시 덕양구 화신로272번길 34 6,7층",2.2,https://business.yanolja.com/web/kr/index
1424,고양 호텔,호텔런드리 원당점,경기 고양시 덕양구 마상로126번길 91 1층,0.0,https://www.hotel-laundry.com/
1427,고양 호텔,케이트리호텔X모노플렉스,경기 고양시 일산서구 킨텍스로 255-3 2층,3.7,https://www.monoplex.kr/
1428,고양 호텔,호텔런드리 도래울점,경기 고양시 덕양구 서오릉로 625,0.0,https://www.hotel-laundry.com/
1430,고양 호텔,엑스와이엠호텔 고양일산점,경기 고양시 덕양구 고양시청로 30,4.3,http://xymfranchise.com/
1431,고양 호텔,호텔라엘르 고양일산본점,경기 고양시 덕양구 고양시청로 30-14,4.3,https://www.instagram.com/accounts/login/?next=https%3A%2F%2Fwww.instagram.com%2Fla_ell_re_hotel%2F&is_from_rle
1436,고양 호텔,호텔런드리 장항점,경기 고양시 일산동구 중앙로 1341,0.0,https://www.hotel-laundry.com/
1437,고양 호텔,라트리호텔 일산마두역점,경기 고양시 일산동구 강석로 147,2.6,https://latree.modoo.at/
1443,고양 호텔,마이캣호텔,경기 고양시 덕양구 고양대로1432번길 157-2,5.0,https://cafe.naver.com/goyangcat
1447,고양 호텔,호텔런드리 탄현에듀포레점,경기 고양시 일산서구 탄현로 144-27 미래로타운 103호,5.0,https://www.hotel-laundry.com/
1448,고양 호텔,시그멍 호텔&유치원,경기 고양시 덕양구 꽃마을로 64 DMC스타허브플러스 302호,5.0,https://accounts.kakao.com/login/?continue=https%3A%2F%2Fpf.kakao.com%2F_xfJxcEG%2Fchat#login
1454,고양 호텔,소노캄 고양,경기 고양시 일산동구 태극로 20,3.8,https://www.sonohotelsresorts.com/calm_gy
1455,고양 호텔,소노캄고양 쿠치나M,경기 고양시 일산동구 태극로 20 2층,4.1,https://www.sonohotelsresorts.com/calm_gy
1458,고양 호텔,세븐일레븐 케이트리호텔점,"경기 고양시 일산서구 킨텍스로 255-3 1층 113, 115호",3.3,https://www.7-eleven.co.kr/
1461,고양 호텔,G car zone 소노캄호텔 고양점,경기 고양시 일산동구 태극로 20,0.0,https://www.greencar.co.kr/
1462,고양 컨벤션,엠시티웨딩컨벤션,경기 고양시 일산동구 백마로 195 방송컴플렉스 지하 1층,3.4,https://mctwed.co.kr/
1465,고양 컨벤션,고양컨벤션뷰로,경기 고양시 일산서구 킨텍스로 217-59 오피스빌딩 9층 904호,0.0,https://www.goyangcvb.com/
1468,고양 컨벤션,고양시관광컨벤션협의회,경기 고양시 일산서구 킨텍스로 217-59 904호,0.0,http://www.goyangtca.or.kr/contents/main/
1470,고양 연수원,삼성화재 글로벌캠퍼스,경기 고양시 일산동구 문원길 135,3.4,https://www.samsungfire.com/
1471,고양 연수원,동양인재개발원,경기 고양시 일산동구 성현로268번길 68-7,0.0,https://www.myangel.co.kr/paging/WE_AC_BBTRMA000000
1472,고양 연수원,법원공무원교육원,경기 고양시 일산동구 호수로 523,0.0,https://edu.scourt.go.kr/main/new/Main.work
1473,고양 연수원,NH인재원,경기 고양시 일산동구 문원길 71,0.0,https://www.nhleaders.com/leaders/index.nh
1483,고양 연수원,국민안전교육연수원 고양지회,경기 고양시 일산동구 중앙로1261번길 59 로얄프라자9층 303호,0.0,https://blog.naver.com/seti5062
1492,고양 연수원,국선도 정발산 수련원,경기 고양시 일산동구 중앙로 1305-30 일산마이다스오피스텔 1016호,0.0,https://blog.naver.com/muhande0
1494,고양 연수원,신한 고양법원 ATM 고양지원사법연수원영업장점내,경기 고양시 일산동구 호수로 550,0.0,https://www.shinhan.com/index.jsp
1495,고양 연수원,CPT젠타이치 진식태극권수련원,경기 고양시 일산동구 중산로157번길 54-1 2층,0.0,http://wtia.co.kr/
1497,고양 연수원,국선도건강센타,경기 고양시 일산동구 강석로 153,5.0,https://www.kouksundo.com/
